radius_nm,n_material,wavelength_nm,qsca,qext
87.41722139252525,2.1072435930506774,659.3027816311288,0.45729907892842203,0.45729907892842203
191.1285751537849,2.256017676629647,468.9545448420665,2.1914477746113943,2.1914477746113943
151.75890952605292,1.6005614785509987,748.957825341926,0.6787830886841474,0.6787830886841474
127.7585271554666,2.0498489195283986,645.2464956276966,2.1704575479571875,2.1704575479571875
48.083355279638575,1.9860951797724984,462.8815534227817,0.1363250462440056,0.1363250462440056
48.07901366051648,2.2993964521459254,784.9352229924827,0.02189833194537284,0.02189833194537284
30.455050190275905,2.3873044725775125,607.3461853341282,0.010359315758831754,0.010359315758831754
175.91170623948832,1.3145881257728642,429.159380748662,1.1698184738353758,1.1698184738353758
128.2007021137776,2.1088239028705513,650.7331617660269,2.5151637569882577,2.5151637569882577
147.4530640032882,1.3622029589436748,501.2795628051241,0.6932351700469571,0.6932351700469571
23.70520897324444,1.958630398092827,721.4773807509209,0.0011622361248359715,0.0011622361248359715
194.58377338915898,1.6451592748524138,727.1288294264763,2.028246942494301,2.028246942494301
169.8396753440759,1.6681319194265694,791.5789423418647,1.0029434857643549,1.0029434857643549
58.22103992208971,1.723550204142828,600.7478124098016,0.06159547743018125,0.06159547743018125
52.72849409727811,2.0455509388595323,581.9827518910948,0.08390694862748642,0.08390694862748642
53.01281177361809,1.700859958802523,701.3902421785922,0.02118344563566734,0.02118344563566734
74.76360373271679,2.1792388607083364,452.9882625367706,1.25869962442843,1.25869962442843
114.45615769380281,1.7854328626886438,618.7662055172497,0.86318888331663,0.86318888331663
97.75010335558083,1.3820238403719505,618.4990400523404,0.12298378467312669,0.12298378467312669
72.42124523564755,2.2405118109809288,435.7892491241549,1.4438763339593683,1.4438763339593683
130.13352105002832,1.6429099895112471,567.1936342027655,1.1466687203891268,1.1466687203891268
45.10889491736753,1.819320255519115,741.3139194268808,0.011229452770809787,0.011229452770809787
72.58603673633927,2.1225326598662817,742.4614487978641,0.1285137145101749,0.1285137145101749
85.9451317928645,1.6989473885784545,439.6950659678724,0.8207362417741548,0.8207362417741548
102.09259715906647,1.3679027873760587,436.28835309913234,0.38042273139057103,0.38042273139057103
161.33167305074244,1.7487052564153762,505.0781908007741,3.1849398641587863,3.1849398641587863
55.941280788504756,2.433338299233164,749.9064250215974,0.05639039580485301,0.05639039580485301
112.5621989144501,2.0700812767582697,451.5610340293996,4.301782684757425,4.301782684757425
126.63462239516764,2.1057749784006483,687.9987210509785,1.7526299442256095,1.7526299442256095
28.361074289599593,2.0587385843651678,440.4662478452413,0.020591549954579364,0.020591549954579364
129.3580733422589,1.5387905667513242,649.2551414991301,0.5207164571563053,0.5207164571563053
50.69434226371247,1.8020006369227362,542.4269196476579,0.06303997204421614,0.06303997204421614
31.70928673735031,2.201127758035982,715.5655851863469,0.005253449841435635,0.005253449841435635
190.79939670559997,1.421647477063791,493.47617953014543,1.799274373501777,1.799274373501777
193.81376595342067,1.6334233313076547,655.680731755984,2.496327471548409,2.496327471548409
165.511522660963,1.6315829301590243,494.273013830354,2.7488325772702313,2.7488325772702313
74.83047845120672,1.8184227131134072,685.4641132448614,0.12362892461400962,0.12362892461400962
37.5809805211491,2.476442489130622,749.4712138242995,0.011113781015874156,0.011113781015874156
143.16194477218824,1.3810030560205864,450.72071965070404,0.981036319547939,0.981036319547939
99.22744887312824,1.922441193256714,746.6382754382014,0.3392575534624059,0.3392575534624059
41.96688227206019,1.5152376184146525,637.4301017657192,0.007183050337687042,0.007183050337687042
109.13184382002864,2.464811854491693,450.8441963468096,4.129365364885268,4.129365364885268
26.18993380073931,1.4359642056729571,571.0167421438848,0.0012581978645878327,0.0012581978645878327
183.67767237418076,1.7843212028339095,464.34411739403913,4.745816232217203,4.745816232217203
66.58039668800305,2.1854619818015273,680.1391555466278,0.13988790554332609,0.13988790554332609
139.25401118371676,2.1454653136329345,703.5472537671799,2.9047822198578475,2.9047822198578475
76.10799369609397,1.8072743642727187,442.31860810911957,0.711182422759091,0.711182422759091
113.61224381200594,1.7158290015432618,602.4559410778577,0.7673045410189898,0.7673045410189898
118.40785028179033,1.7771348542634446,725.8500224103668,0.5480481422905676,0.5480481422905676
53.27380199459487,1.6171315157903672,774.4652166203987,0.011690720016529868,0.011690720016529868
194.52523299762055,1.5463995264481598,605.407146696708,2.160666722686752,2.160666722686752
159.52390820500062,1.879647637070668,780.1116894445629,1.563079370434175,1.563079370434175
189.10980948155404,1.6222405072811288,614.2755881824119,2.544839933958353,2.544839933958353
181.0689230769768,1.6449539978767,557.6761978399632,2.7617348894867355,2.7617348894867355
127.62199618599533,2.0881072761694686,739.2812514211582,1.2838400555857634,1.2838400555857634
185.93736230416104,2.4622447980398707,597.1930841832357,3.5658067343303297,3.5658067343303297
35.92865036934551,2.02436464067125,588.7610042258092,0.01576705267847325,0.01576705267847325
55.27691523544613,1.3923753604779596,596.1249957639313,0.017138983111535847,0.017138983111535847
28.14091200389685,1.3907003366248805,738.7140007478981,0.0004926722793401708,0.0004926722793401708
78.55945953738758,2.441707865014679,732.7766166752208,0.27270476554362555,0.27270476554362555
89.96191214410676,1.6567489483688003,561.4079969760845,0.3739269918409738,0.3739269918409738
68.84282571930126,1.4104803832989705,533.31994394821,0.06745691377350953,0.06745691377350953
169.17275164734727,2.018853504580458,596.7712096156517,3.7466964547612323,3.7466964547612323
84.21559880484607,2.0483785339483194,629.1090038948437,0.4344386248156425,0.4344386248156425
70.56821174372854,2.0782057841424257,495.3348842511988,0.5878956710789287,0.5878956710789287
117.68529496848473,1.6208824334290495,717.5820338862363,0.3646347595532288,0.3646347595532288
45.36636049545727,1.3181328210573702,594.5931062929692,0.005354569525203567,0.005354569525203567
164.39545653572713,2.4580184433453662,533.6182193679838,3.5595203471005266,3.5595203471005266
33.41911586235875,1.601071654829323,442.72839718559624,0.016269223744814123,0.016269223744814123
197.6396485880931,2.111231545663057,495.5380641614428,3.8760243262701373,3.8760243262701373
159.00405847339835,2.1479558438544517,779.7124687023935,3.531878480394931,3.531878480394931
55.76882267615103,2.032008900495383,522.0398747278107,0.16469401768849928,0.16469401768849928
20.993981082248432,1.675488873056378,467.54371574681414,0.0024247082956888122,0.0024247082956888122
166.78305712187014,1.625315504516879,584.2691166619973,2.272945103772302,2.272945103772302
147.23432189257107,2.0172019392432436,522.8350973440995,3.74892339625221,3.74892339625221
151.2212902473777,2.33931476033403,414.06370010847763,3.3735977231609477,3.3735977231609477
158.82866240347025,2.4360804747080747,529.2580869117669,3.8407675035372915,3.8407675035372915
33.32803731213627,1.4270869652845093,617.6434495757874,0.002323314378675164,0.002323314378675164
84.52383113796907,1.4857943351172638,620.6849488079868,0.11455419435116464,0.11455419435116464
40.85643071452335,2.4336835105396957,542.6235684707555,0.05867610690695028,0.05867610690695028
175.35861665760683,2.1838422740017513,578.9211025010402,5.937956140829019,5.937956140829019
132.19366282896044,2.359592589795728,786.2071672939065,1.9232848326467684,1.9232848326467684
79.56164447347686,1.5431591609624118,550.9393908921246,0.1772253761476292,0.1772253761476292
31.440503051484257,2.0051030453312824,503.2907253039932,0.01690302192765487,0.01690302192765487
75.9768179088192,2.1413675133009686,497.38681762670404,0.8614578887871231,0.8614578887871231
78.53299796481447,2.116134262536367,583.1058450816537,0.4945727046291822,0.4945727046291822
151.32911210085155,1.7897820290400377,703.8080594867777,1.4661802815954075,1.4661802815954075
134.76034484393836,1.3184738700295702,482.39527367538926,0.4519865395242241,0.4519865395242241
179.69829366373878,1.999511268165116,683.7184508563073,3.981231851961894,3.981231851961894
104.99868652915087,1.6037218470155306,408.4599293397665,1.476232546950932,1.476232546950932
41.526964268894304,1.8403050953714684,567.5731911935784,0.024809633570895835,0.024809633570895835
148.3840617001391,2.449097218100581,710.3460260811148,5.3893037323752795,5.3893037323752795
156.94130875104153,1.7788423811709217,535.4931823097726,3.268758915053644,3.268758915053644
121.02989556250932,2.307761927997312,625.4948405781598,4.324301335474909,4.324301335474909
158.77409239182097,1.5262487268991014,481.9916931303643,2.0939873516765175,2.0939873516765175
108.88320734559034,2.1069525976300345,696.7981564504689,0.8929296662270989,0.8929296662270989
114.09190928875893,2.4724083453267323,420.9116413075038,6.417809930128697,6.417809930128697
96.95738330453894,1.4222717210475242,741.0170579502001,0.07503313604064347,0.07503313604064347
24.575442813937133,1.3099839306726304,479.27855456866723,0.0010557467379444514,0.0010557467379444514
39.4204568587948,1.8202993511591372,749.7592126833323,0.0062099072066459276,0.0062099072066459276
25.657253423612165,1.4111505796616406,541.0116965202069,0.0012956094594205993,0.0012956094594205993
134.55387402748048,2.1980612196114775,689.0734297897947,3.1660698260103715,3.1660698260103715
76.5840765937388,2.397458396618271,527.6901191144754,0.9968397290071895,0.9968397290071895
111.5427244096465,1.8208251672505105,762.364668493859,0.4037545775233777,0.4037545775233777
183.36196530669673,1.610453970586529,450.65485020734974,3.8747067909139545,3.8747067909139545
64.87260124679749,1.8212839828079317,471.40791570903946,0.3180772347821679,0.3180772347821679
93.86892614641336,2.168137381420001,597.2120500635209,1.0095587378611366,1.0095587378611366
155.99920493774877,1.3108649938964452,432.77537561525844,0.8779288407935819,0.8779288407935819
61.18366978849204,2.0073447873816366,478.39207388070474,0.3366064591905517,0.3366064591905517
33.85638376918274,2.035950021864855,777.5065528848057,0.0040365087680584435,0.0040365087680584435
72.15526152447825,2.0652258962751224,790.5958644591549,0.08894996066724878,0.08894996066724878
49.0198317057208,1.5904264959770527,550.5037317321687,0.030730775159796955,0.030730775159796955
187.34557742166317,2.156863268053752,769.3144084055743,4.408119807539308,4.408119807539308
165.46166832159506,1.4096697835981318,617.9298702693727,0.6869338991917957,0.6869338991917957
134.01267617187622,1.539124403760161,507.89698634950685,1.225140672438099,1.225140672438099
176.86290623378918,2.352964055985378,680.9594884322395,4.058213381541443,4.058213381541443
164.66097384184062,2.1864677808718795,663.5607226299428,4.221654896085334,4.221654896085334
53.58261059948645,1.3164946648136144,795.6501276434933,0.0032381949744304285,0.0032381949744304285
180.660619728196,1.5980515124437602,506.0189149637133,2.750522657554701,2.750522657554701
117.08160354481713,1.5572877795917974,668.8238010646942,0.36971685016397043,0.36971685016397043
165.33922792953126,1.624967593644367,420.80950201177876,3.7371053252503965,3.7371053252503965
181.29643398622878,1.5970717243358636,445.45841547868775,3.7341412184248166,3.7341412184248166
77.2406254949355,1.375031554891415,401.5673499804373,0.22696915635900455,0.22696915635900455
39.80934641498182,1.8507286199161843,799.7842724238692,0.005251556292153733,0.005251556292153733
61.0283292575495,2.1792801697433983,720.9094788589912,0.07487993365060414,0.07487993365060414
96.87940195272614,2.028078069660924,714.6892058934163,0.44257047488500345,0.44257047488500345
167.24265786604877,2.1074460023176957,603.8904301152719,3.849566746024972,3.849566746024972
174.93150498614182,1.397379014243487,520.026833162176,1.2564327310916565,1.2564327310916565
21.251383495614327,2.4417888522121447,460.5057137850704,0.007695599499368662,0.007695599499368662
111.93451446396183,2.3061902006116295,513.8698955385855,5.285818841930651,5.285818841930651
95.13398056678022,2.2661083821947954,550.3884887716556,1.8333981227448408,1.8333981227448408
59.97940588473144,2.2875805660501207,702.5240387921176,0.08743058764195424,0.08743058764195424
41.57576612006291,2.4192526097593134,615.8647155612609,0.03656260565914907,0.03656260565914907
80.77073085265303,1.9531047593364372,430.99345062219305,1.3374397129758917,1.3374397129758917
189.72374670425344,1.540338421441151,407.2116035835649,3.653398983910533,3.653398983910533
78.17652776373595,2.0401403294230493,440.93287181362524,1.299765138428719,1.299765138428719
113.38231191380589,2.191457792401527,564.1994854789517,3.738500522805203,3.738500522805203
146.54341260113202,2.1855008720248303,773.2771668196074,2.513059598963383,2.513059598963383
85.45332842827291,1.9257388290002562,654.9609924836886,0.31670679362038284,0.31670679362038284
194.92077488977293,1.3821504632002937,720.7303599502061,0.6084904269369765,0.6084904269369765
193.24051308958002,1.7453355261161534,586.5498378018194,3.2569330833003236,3.2569330833003236
65.32081324856554,2.404919930156029,544.6664332780172,0.4312689059658189,0.4312689059658189
109.50473106062938,2.001338691708911,443.3601490866491,4.259500748743132,4.259500748743132
74.15809576701854,1.9459983319068561,750.373208874482,0.10365435491021241,0.10365435491021241
71.27128898794416,1.6226242172586323,713.2640116111611,0.053721810831717745,0.053721810831717745
26.639650523815902,1.7421387038998948,467.24723903909006,0.007389320062447488,0.007389320062447488
129.72158011638143,2.374415306983803,604.9042255505042,5.292873887458376,5.292873887458376
110.48222418119506,2.099755657032203,594.9499231684979,1.8012572333589725,1.8012572333589725
29.266175224998083,2.2448644321027995,650.0366210746115,0.005857962103889834,0.005857962103889834
70.15636356259006,1.8452145076811863,778.4747575965046,0.05908026046441693,0.05908026046441693
183.48785947399767,2.0562966633473896,631.9085767049919,3.8691573943909088,3.8691573943909088
63.121140320055034,1.598060330491849,616.0869067114475,0.05530653281599155,0.05530653281599155
46.08107697642016,2.1465529963401835,420.1291731738656,0.21650056198819234,0.21650056198819234
108.10149684996134,1.813121600444005,425.1629904072096,3.107041582954764,3.107041582954764
197.41708173990813,1.8310546177776947,474.93871653071557,4.168909834814997,4.168909834814997
63.56994887207007,2.079186789492258,412.9883086766993,0.8032926005992188,0.8032926005992188
140.98439853305814,2.423536745762712,697.3411582280049,5.980436522555838,5.980436522555838
157.09153075916916,1.376807615930345,689.3321215975852,0.37206886362325353,0.37206886362325353
62.77475791863194,2.289691884816409,454.42249377265716,0.6991670220856279,0.6991670220856279
151.07894275013473,1.6508597324946317,734.4315603181124,0.8341281392723695,0.8341281392723695
86.20096388946558,1.8327033454076536,461.9144139384448,0.997590536452552,0.997590536452552
133.8150495068443,1.3262959945300108,520.4702347989435,0.38115194225338156,0.38115194225338156
134.03534793696105,1.6612552934011757,499.590759664546,2.178974661776183,2.178974661776183
116.43944313345652,1.9031574911561566,548.9228394292192,1.9599923788993336,1.9599923788993336
36.2521586097935,1.3674112928169269,501.86550635598473,0.005646646872748396,0.005646646872748396
170.35444920606284,1.8893148752597981,595.5803705753808,3.572886359980227,3.572886359980227
77.74041169491245,2.4125327546301127,562.9631525418741,0.812691037888773,0.812691037888773
53.573331871973764,1.4264718617293664,794.6277963117307,0.0056397262707183985,0.0056397262707183985
27.339525479857507,2.2173288736906054,422.3705400512903,0.02536686276203058,0.02536686276203058
126.36072977388352,1.7916052640511912,456.87255055494063,3.3247066778489036,3.3247066778489036
141.96158513161083,2.0862084574292057,421.130357563441,5.304569168291387,5.304569168291387
22.985809207014107,1.6122839175822752,650.3364779929503,0.0007901959210019457,0.0007901959210019457
112.17675049387057,1.49139071504963,421.8037109654878,1.0103733231307355,1.0103733231307355
60.769239535628834,1.4925551371254717,734.5758949504493,0.01656229167166632,0.01656229167166632
136.13110227370098,1.3845903347717736,604.7754522727712,0.3750599916857111,0.3750599916857111
51.38595722089846,1.5227760458814916,610.8030498326135,0.01971175742126177,0.01971175742126177
144.36879285844387,2.097063261986762,624.6378030848776,4.712704793489512,4.712704793489512
89.61236233409673,2.3580287342122097,468.3254825224843,4.74164764615194,4.74164764615194
188.61139797261222,2.276950822709394,479.07612124579504,2.884438900344639,2.884438900344639
44.75376994627879,2.122161171849381,527.5269291492019,0.07049368845840397,0.07049368845840397
81.39194318904653,1.4325182360933233,637.3985663287406,0.07165509991083782,0.07165509991083782
40.42523382330603,1.6470249355551398,484.0471103760858,0.02778685366279641,0.02778685366279641
186.4448512901413,1.6717682503869629,446.5326908533045,4.360036120742722,4.360036120742722
177.9210836085766,1.5999483356771456,788.0467545673729,0.9364469680305907,0.9364469680305907
66.42949298872801,1.9180067916516679,408.79272592384916,0.7363964848337071,0.7363964848337071
138.79712828615223,1.942664577855607,721.0789621344086,1.4472135909111108,1.4472135909111108
167.09999603621884,1.7282631702053322,715.2140598300089,1.6565415111270145,1.6565415111270145
119.93614608790323,1.7245469904837232,518.8856455380384,1.566649634109768,1.566649634109768
115.33710410408116,2.2942667174872975,454.2506464029254,4.028791456109976,4.028791456109976
63.5334123620813,2.2471514179836225,458.25145868216936,0.6715265622181982,0.6715265622181982
36.758498205061855,1.6693549980168947,678.972646894877,0.005080992639509952,0.005080992639509952
181.49883643159882,2.396546132647911,657.1226364344695,5.891736419950197,5.891736419950197
182.0752502893995,2.4433780204030073,713.0982697005547,4.1503786321509555,4.1503786321509555
133.95826230918823,1.6920910504360491,774.9924689596419,0.5389814495312674,0.5389814495312674
81.02536238876613,1.725309938551666,676.7709453066368,0.14604708281505116,0.14604708281505116
82.85772343027895,1.9067609841063506,462.3406146205774,1.0252429053108265,1.0252429053108265
150.6720221966431,2.429344975040408,497.37704670616426,3.7851337023495124,3.7851337023495124
181.47984679146387,2.351583319770774,736.8774923492458,4.1059537166794895,4.1059537166794895
179.67555636772113,1.4230815551003078,483.7224303336834,1.7028336576431884,1.7028336576431884
160.3775982543723,1.7712768919256994,429.0089267817926,4.821349680046486,4.821349680046486
135.56569630777182,1.9640454276997263,681.3120216169002,1.7524895870725612,1.7524895870725612
35.14519369910879,1.9037589670618482,561.0105421960568,0.01466102105798216,0.01466102105798216
49.09316853703048,1.5326356815242712,768.0160210183615,0.006759949255209911,0.006759949255209911
181.73975393487427,2.3305801254017857,660.1020284374647,4.688994329198433,4.688994329198433
129.15723073872618,2.112328939596205,436.1675911166643,4.353749554091209,4.353749554091209
21.655469290993338,2.305490049822164,779.1426269014643,0.0008774551692610521,0.0008774551692610521
38.264877715885774,2.3305171352193668,503.42290545609836,0.055694155702545836,0.055694155702545836
139.43031843945005,2.198027024398888,534.8849961625143,3.9691030658101436,3.9691030658101436
20.911085092319365,1.8270527214996608,560.9041654734168,0.0015653532774555473,0.0015653532774555473
48.945449255149754,2.0326561060185093,420.4897185617253,0.2366207516591638,0.2366207516591638
118.7720820859855,1.4924384873436918,598.606168892242,0.43029259214059956,0.43029259214059956
144.54113558468478,2.108374500969889,449.3273964301169,5.985402380548297,5.985402380548297
137.3530267104681,1.515103906887137,560.3881306753407,0.8674774764148714,0.8674774764148714
60.36847570290076,2.1327395086121883,540.2839151968337,0.23002570202363623,0.23002570202363623
148.19225984255647,1.5755177929047623,709.1360333706014,0.6833141166570769,0.6833141166570769
62.704835749424014,1.441061560180264,721.2682046530924,0.016508329578557267,0.016508329578557267
78.57194566866819,1.498341388171549,461.3651529556352,0.27041796947497654,0.27041796947497654
154.36845292124434,1.3023905622628844,546.6204749516905,0.41733333384526705,0.41733333384526705
136.93392182849863,2.162487541424236,549.3412644127327,4.220510761886826,4.220510761886826
172.86021388895202,2.178881258870055,460.56417757443404,3.443564852869485,3.443564852869485
138.37032061406182,1.9179200198959112,719.3814020204762,1.3598720622807632,1.3598720622807632
122.29554860038489,1.4936353612664606,682.8913313341693,0.3138197787465547,0.3138197787465547
36.86145820905665,1.4002652050128277,476.1527145188139,0.008708895795517787,0.008708895795517787
86.18884455069804,1.3229547597247444,546.6887634375196,0.08700883408464812,0.08700883408464812
67.73642618271057,1.4988978123582648,442.3220099426057,0.18650524989779765,0.18650524989779765
63.91813580823504,2.369026641979776,651.2826388372175,0.17275543630493437,0.17275543630493437
195.14189985544022,1.5898442100420183,448.5487698194479,3.933916401242319,3.933916401242319
90.75759044001687,1.7251255926606588,794.3736674499671,0.1208356926442505,0.1208356926442505
180.5683799318804,1.4264145813776,712.2728298751449,0.6392895060435069,0.6392895060435069
133.60495267950733,1.5668335656978043,556.095419833598,1.0058109482485786,1.0058109482485786
163.06603463749673,1.9230694849362462,631.4255729117417,3.9129607812254177,3.9129607812254177
110.47467675893458,2.029303219714783,764.5367264865636,0.5745534396103084,0.5745534396103084
123.84269923274464,1.5944227769994532,621.6397121583304,0.6320758451772942,0.6320758451772942
108.6531848873955,1.3692785910701406,469.7993945591821,0.3715619691996094,0.3715619691996094
55.14373780364801,1.7692394429528784,551.4813422324637,0.0776467627777369,0.0776467627777369
150.04138074707095,1.581044045111601,737.2579460118982,0.6440615104879778,0.6440615104879778
70.53902523935405,1.5634647078757624,657.6852063958472,0.05964289724088601,0.05964289724088601
24.37687395766169,2.451835363256146,660.2897537335201,0.0031200329922149222,0.0031200329922149222
136.18501326329022,2.0395605831108687,746.7285942753956,1.4539223250443802,1.4539223250443802
51.879922293268805,1.968254131806515,757.5892229850019,0.023385957941609886,0.023385957941609886
189.28254518352458,1.7989301242279863,767.9170287117745,2.6800941322302227,2.6800941322302227
191.70714386046572,1.8147332001161731,437.93967730126246,4.053747686030131,4.053747686030131
184.67559023968073,1.949086004605697,617.6504007852403,3.6792992252103685,3.6792992252103685
86.62856604598,2.1357157684433288,696.2038084873275,0.3649068969896369,0.3649068969896369
22.782190975196137,2.1425753154181955,702.7707380508054,0.0013891076212077967,0.0013891076212077967
187.09734126579056,1.5060326892465394,642.6864807880015,1.4618612100260981,1.4618612100260981
97.07314669711658,1.9001353024919525,466.71493407346964,1.7785017983427995,1.7785017983427995
193.9978674278605,1.7943497140409224,718.9682215766657,3.2908462512225705,3.2908462512225705
193.4515958760655,2.3446323595232608,688.0445334059783,5.759690675208942,5.759690675208942
173.5417019841248,2.057702705462052,434.4543086196145,3.679903903511324,3.679903903511324
73.00080057252542,1.9390048796991781,585.5239298697505,0.26935572004983754,0.26935572004983754
89.31759114834655,1.438473570614701,469.59095980872144,0.3002016744297309,0.3002016744297309
173.20460087303425,2.0267654671880937,534.9908182851888,5.556376359333047,5.556376359333047
77.04596092812997,1.44064468681628,407.23243688227416,0.29821440438428787,0.29821440438428787
50.50869440349665,1.7046478906789024,560.1319473643033,0.04387971249466412,0.04387971249466412
120.22422724250303,1.4714103577771982,619.9507684624841,0.36819955185103614,0.36819955185103614
188.50785934894057,2.1304883764292426,647.8330371308348,4.203618369362415,4.203618369362415
145.28536340149515,1.5475025366033832,665.3961380514841,0.7020504483402782,0.7020504483402782
122.6110106160857,1.7702312478256312,734.516525240984,0.5850846645332319,0.5850846645332319
37.49176887873834,2.374809733142534,486.185162910292,0.061685579794594055,0.061685579794594055
130.70130080585056,1.5451796600787644,448.1927289753872,1.7552352213481663,1.7552352213481663
198.20969301876738,1.909366076750535,740.6148687591702,3.7946373787271517,3.7946373787271517
45.21512274257432,1.8031259933992265,462.64512595706,0.07595844916176153,0.07595844916176153
113.29933742547261,1.3217488492548757,789.9040325344781,0.06166438220937893,0.06166438220937893
177.92715294703197,2.251309736287375,737.0152917594548,4.325764961507282,4.325764961507282
153.3383511957568,1.3828550875775196,600.3506423558397,0.520897325543723,0.520897325543723
145.46283337914824,1.8691060251723444,792.5685699688102,1.0254244471459475,1.0254244471459475
146.44713511767966,1.97281395392674,438.9506916432017,5.49897366996414,5.49897366996414
84.70840721955594,2.0541117479375046,521.2263044700406,0.9518341473942805,0.9518341473942805
72.8465319676088,2.1263579551694507,655.2897660162446,0.22315039404004797,0.22315039404004797
165.68500798613246,1.603926860227258,540.0027473892715,2.415454847040358,2.415454847040358
165.82041104225254,1.3119745319901392,771.3490207923167,0.21658410074389187,0.21658410074389187
176.07301734441867,2.1681323948258946,426.250435271127,3.2761489087898132,3.2761489087898132
184.38329946016484,1.9427879192170945,619.7647328243859,3.6505326218507266,3.6505326218507266
112.04163179496881,2.303341243848698,636.3465069580458,2.211915695368287,2.211915695368287
110.27293304369593,2.2856660354808334,661.0912495108896,1.5949196019525842,1.5949196019525842
163.69313221401953,2.31199140134546,502.26648933272577,3.9385616136058204,3.9385616136058204
136.99350753999772,1.8821135919754481,545.8265710079457,3.6102652735687593,3.6102652735687593
146.35403790638662,1.7003540750042387,737.4722118659911,0.8643677508551979,0.8643677508551979
163.2426804984982,2.2498698431096438,477.9771075880639,3.8919180151884722,3.8919180151884722
180.20096152716192,1.841552935635106,730.7471388693448,3.0964877106306243,3.0964877106306243
80.83912823327645,1.5201306356841215,625.062169161097,0.10722007471870089,0.10722007471870089
87.60493147518993,2.325968823473769,704.8750044776328,0.46237722213668314,0.46237722213668314
36.91674917135642,2.359071852126817,685.4429465053886,0.013573974399691444,0.013573974399691444
124.09042537931131,1.8595717073682043,483.00459815395163,3.5586308345556628,3.5586308345556628
26.469609283413575,1.390839672771745,627.5250945735492,0.000740751875390567,0.000740751875390567
103.80764326384283,1.7653913079003174,747.089261122037,0.2909816060636989,0.2909816060636989
117.67603424736379,2.264245191355124,572.8464947207717,5.194267456505022,5.194267456505022
71.5774253830912,2.3821288342554743,786.6363080893267,0.12608301933021482,0.12608301933021482
126.34998690242193,1.5441672909971151,580.8860400406872,0.685856771383629,0.685856771383629
25.490044989028895,1.380368334430326,457.1142546671539,0.002149126102168725,0.002149126102168725
26.722673974858594,2.3528205437594063,555.7738720310692,0.00846721131767135,0.00846721131767135
168.06810091873848,1.7672859267746504,780.6809625562148,1.3757283570892396,1.3757283570892396
84.83431545402732,1.950113157121076,527.8883397359417,0.7526547315832931,0.7526547315832931
42.870892277339266,2.4616789744609107,747.2392639468251,0.01917953987451798,0.01917953987451798
114.00378680986479,1.3798776734970675,752.500272672756,0.10464949042317495,0.10464949042317495
158.59883955774995,2.0779816089425145,540.0746097327844,4.030062647742325,4.030062647742325
58.84778494943177,1.3889265070898404,433.30306322025285,0.07348053347846849,0.07348053347846849
132.12028564742005,1.7505627141598006,689.8231636635273,0.8853529027110909,0.8853529027110909
35.36254369887824,2.264577454232136,524.6049196055944,0.031534537624280184,0.031534537624280184
29.302709810349384,1.8201666793067615,713.1694457030289,0.0022886360404465334,0.0022886360404465334
115.64383368226665,2.496618824683541,577.0619393041733,5.878031838287465,5.878031838287465
117.31432188981917,1.9708711419359226,594.1066969370486,1.7258116829798633,1.7258116829798633
134.7373822696772,1.6853945831631443,711.1637626994147,0.7154957875156854,0.7154957875156854
150.6964400700791,1.5641335910857037,552.9453324246512,1.5346514364401114,1.5346514364401114
195.65337430325624,1.7206246411433943,577.2509381291658,3.2588791855245063,3.2588791855245063
112.93406269421516,1.747039928511461,550.4761875078489,1.0972732534865268,1.0972732534865268
78.13216512942427,1.3824564132687531,546.936206110912,0.0857051176607098,0.0857051176607098
163.13351505836667,1.7434890393121278,610.3786307605837,2.858397354055954,2.858397354055954
68.74980522717337,1.85708622368707,723.5197778004604,0.07521551274312509,0.07521551274312509
99.01485572701449,2.1672853026865657,544.7073247690264,1.9029600555666013,1.9029600555666013
34.12214864160787,2.0880753816659294,609.7018882150946,0.012004154607519451,0.012004154607519451
24.563133814782354,2.150518786274985,668.2909301770403,0.0023285111418793187,0.0023285111418793187
193.27671464202652,1.3100364182522286,507.77577852146203,0.986470904889123,0.986470904889123
170.47642169219705,1.5612008794966432,511.00912196095703,2.3490959483289733,2.3490959483289733
145.27535709686563,2.094021146079828,773.3652508093819,1.8765609128537912,1.8765609128537912
93.61152999456858,1.8807872418156966,689.4138293324354,0.3413423309500094,0.3413423309500094
51.192977612752244,1.3063761708020152,630.8746704893235,0.006353741935421482,0.006353741935421482
48.15866768079549,2.265393570918187,659.0880217682447,0.044236637958852416,0.044236637958852416
65.04372166962716,2.227371487948405,411.71977724136735,1.132704714510948,1.132704714510948
118.86079964710169,1.958102995592275,647.2411862246788,1.252587060410487,1.252587060410487
148.62726608601122,1.3797559909315267,603.8035492896807,0.46389938950428494,0.46389938950428494
138.83552780919163,2.2198180594391017,618.2998719117743,5.080454260233234,5.080454260233234
70.38810145026972,2.0004563052776367,543.7695307323269,0.34974751607649984,0.34974751607649984
191.87575051937495,2.238351972589551,432.58955908517675,2.4956121663361035,2.4956121663361035
152.82144500523833,2.2020963908750084,477.3356934448209,5.1970018765650385,5.1970018765650385
119.78372945205213,2.2636024863494044,780.2978852850687,1.0593081375331952,1.0593081375331952
130.10973432218339,1.9216096796855497,563.4798249083735,3.13379282620403,3.13379282620403
95.52801123700219,1.468389421832218,586.6732623323456,0.20492242034272576,0.20492242034272576
64.59157811020835,2.1053889680556264,421.0839159413756,0.8271456875833145,0.8271456875833145
84.07508215722709,2.0445685420623647,415.0264918175922,2.4129030506377447,2.4129030506377447
156.41229988358643,2.190703824638905,686.872578818703,4.9683383988309435,4.9683383988309435
22.590827953356055,1.5038572072608825,615.2378656484445,0.0006645145476368781,0.0006645145476368781
40.89307529124493,1.5339702398803472,603.4823936865066,0.00858314175574649,0.00858314175574649
28.280475563915495,2.368491420663194,497.24981216906747,0.017140410703645637,0.017140410703645637
27.331184417414626,2.199973358142485,697.9002926519688,0.0031743498520585165,0.0031743498520585165
173.9829051219813,2.3898741864403874,467.29463164339677,3.187851492257095,3.187851492257095
146.65841468840426,2.210458385396705,475.973897464408,6.098600007321331,6.098600007321331
105.35128923571854,2.016586367188362,584.2848685393102,1.3230634401489265,1.3230634401489265
37.61014891718027,2.0849592844334484,514.5119448447764,0.036041161030539406,0.036041161030539406
108.49085752102982,2.3669535087280122,498.9851924932585,5.126823317300207,5.126823317300207
105.22491874050182,1.9945681054143285,658.0950578213326,0.8029869019786678,0.8029869019786678
51.17633658380274,2.0588695891940647,660.3886980874179,0.0444174382515338,0.0444174382515338
98.09329686283515,1.4877720592043207,729.8068279199717,0.10987282753192543,0.10987282753192543
91.73085219152722,1.8687054641393233,567.0834267891903,0.6538669947874518,0.6538669947874518
130.85301764939896,2.159676534349719,429.2340364104601,5.788893540973301,5.788893540973301
134.3168571561759,1.6251312379796385,509.46655396858307,1.772384460808326,1.772384460808326
28.154721758968012,1.542705016629442,792.0021852787268,0.0006620720495465565,0.0006620720495465565
87.43027063276482,1.6765921698692987,638.5034300930809,0.21920770851302288,0.21920770851302288
132.65478482856255,1.5898007535914003,683.8948339204081,0.5738564221423295,0.5738564221423295
110.56452654441578,1.557895164443675,402.9431318501658,1.5280676332552559,1.5280676332552559
174.16817141389802,1.8098210114417044,607.2822928730084,3.389298918508563,3.389298918508563
138.56485369141012,2.389406216660241,415.01146301272126,3.589604265124344,3.589604265124344
49.328196874657344,1.9084715760864621,627.6920848365792,0.03754649914345635,0.03754649914345635
32.70237453207737,1.5255044569783878,768.3083398544302,0.0012908474872418351,0.0012908474872418351
135.6354700771368,1.3923660032570488,787.3676522001631,0.17445184679786285,0.17445184679786285
24.772035897491925,2.1353873741655103,616.2210701555697,0.003292141452337029,0.003292141452337029
125.4396046292234,1.7593585173236654,583.2819221008864,1.3378873158311062,1.3378873158311062
189.24144345649236,2.286197135902431,778.0068376993976,4.222550155878066,4.222550155878066
123.58535201765821,2.0914129223689244,669.443932798678,1.718947030996081,1.718947030996081
89.87058671717395,2.2554897406496424,425.9597118153638,5.396259972883789,5.396259972883789
135.79187931962358,1.6263352473021384,586.290231066999,1.1158145952504674,1.1158145952504674
102.485520288473,2.1308307069532697,496.09800738572153,3.6021407136378905,3.6021407136378905
118.21102207686829,1.6168743816324627,587.9217285794726,0.6993521556409215,0.6993521556409215
189.46366557977453,2.4268821753403502,582.1862288025447,3.6349783595246667,3.6349783595246667
89.49847480413936,2.0636491378400494,632.8579211258968,0.5574015584581822,0.5574015584581822
193.01430148830457,1.6894141602104105,542.7081961397005,3.3807548441596422,3.3807548441596422
182.96311555209147,1.6234142347507272,465.7081797823712,3.7185217357190856,3.7185217357190856
55.24240426207336,1.5291119020859723,601.4877738359826,0.02862685066310556,0.02862685066310556
32.48503415752978,2.133569150672473,732.0811537383048,0.004908234980286986,0.004908234980286986
38.140040247936795,1.5624587355975128,665.604891227041,0.004782714925695042,0.004782714925695042
23.27992861727895,2.014363919112987,535.3471463700863,0.0039011932279043172,0.0039011932279043172
36.99973293606711,1.617562032310429,774.2092091035429,0.0026942074572827612,0.0026942074572827612
142.94121921494423,2.0943627337526425,764.883028499673,1.8322453402073131,1.8322453402073131
32.81395672284122,2.277927674248647,483.7393597536395,0.03280906369430706,0.03280906369430706
77.41561345287704,2.2336302917735837,415.7670340481452,2.5923992044653987,2.5923992044653987
172.07755597450182,2.213021597116938,696.5234833403049,4.217165028689257,4.217165028689257
24.188948432448655,1.5252668868307024,731.0441045396612,0.0004700079477362493,0.0004700079477362493
166.60432686600845,1.4060619363814224,787.1458263805421,0.353030146453508,0.353030146453508
70.73385945921198,2.1387385941848627,755.9345576353243,0.1089407421441981,0.1089407421441981
41.26966897189813,1.7420166565532216,640.213907282566,0.012161929919651572,0.012161929919651572
145.4126897655471,1.8188154716840168,612.0209356849523,2.4758017438501123,2.4758017438501123
133.2097124203791,1.3373789113520693,411.1364205050345,0.7893923464606205,0.7893923464606205
177.94496243486952,1.611491739130059,498.66257873791113,2.836218489771628,2.836218489771628
152.31278788469945,1.3404116846493568,583.8459006931705,0.432129871874324,0.432129871874324
164.62656746927274,2.355022927121497,651.4015600334271,4.04268130527658,4.04268130527658
70.76622306283517,1.5920760198622366,622.9007333273643,0.08211632014044293,0.08211632014044293
51.93911788035011,1.9688046034876097,697.0543958726762,0.033171992921149654,0.033171992921149654
155.1106552953545,1.3467751847933565,511.9067723548163,0.6877192452867444,0.6877192452867444
165.23025306810752,2.1002168695667898,625.9810430609894,3.9464084346273656,3.9464084346273656
198.2909255601212,1.6876328149049127,435.25689735631687,4.054873787958202,4.054873787958202
94.27118184405677,2.377503024349199,565.4662094332828,1.902630388071553,1.902630388071553
86.96325544270097,2.3657418267208428,700.0643331818404,0.48263231881294844,0.48263231881294844
159.75433293355943,1.6903487420340975,677.3603413716176,1.4986938479277605,1.4986938479277605
81.34463724554321,2.3811530748285614,796.2570948688716,0.20817801803407782,0.20817801803407782
187.53631860864164,2.4953892081985343,511.1564503951024,1.4828554318203384,1.4828554318203384
174.51429533174212,2.2904987969487376,599.2757196695917,6.224196104369903,6.224196104369903
97.21892492750331,2.3138456173062747,531.8121655095987,2.9141213278317832,2.9141213278317832
155.15679220246952,1.598810483330908,576.2412456236699,1.7107847498830604,1.7107847498830604
155.81771733524283,1.9920428786293076,742.7800519477553,2.462707640038849,2.462707640038849
38.56229639046787,1.3807070967608415,673.6836300753946,0.002389230110640229,0.002389230110640229
182.459523202322,1.4139015241860038,752.9764765390327,0.5305717810953949,0.5305717810953949
110.94542704061429,2.498671134439949,481.40444333275457,4.2948720386539305,4.2948720386539305
168.7623438993935,1.6919670993110931,749.3444471365751,1.2724343522121482,1.2724343522121482
77.60892818551011,2.1978206944586156,423.9049096713538,2.1281604225545143,2.1281604225545143
181.1941811293161,2.26799806363218,755.4397121748609,4.347411253771195,4.347411253771195
90.05630217214936,2.3296279252086753,531.6295117842911,1.8821995311828963,1.8821995311828963
21.950777266453706,2.497153956882588,525.8350533656265,0.005321209420980634,0.005321209420980634
182.96875575546747,1.5897957823082414,604.8354306794656,2.266595563316246,2.266595563316246
36.43160182150404,1.3484209922316397,776.2760750892927,0.0009207098224725627,0.0009207098224725627
77.47645476627468,1.7934298215935032,419.1125458725621,0.8785741411899175,0.8785741411899175
191.01115406914488,1.4560968037947364,540.8923900282981,1.8018904850545265,1.8018904850545265
191.1092864487601,1.3269110669944661,742.6287954733343,0.3835501238597185,0.3835501238597185
123.2188198621915,1.7325121925697833,558.4217909741867,1.3504537800348897,1.3504537800348897
133.73069819056388,2.240485901290284,479.66275903882683,4.248163467303896,4.248163467303896
100.72019395609756,1.9794168294700851,569.9176725325647,1.135163702606795,1.135163702606795
72.77793890565161,1.6753335870524249,554.2210005966677,0.18548840895098706,0.18548840895098706
79.15961816658486,2.0852104065912638,766.1664805866814,0.15448856757229207,0.15448856757229207
141.0533220938669,1.578421816370573,704.7737502972388,0.6072723490986028,0.6072723490986028
155.4274152987824,1.317257735286502,602.0462222976025,0.3636779387308424,0.3636779387308424
162.48422787065275,2.217224063723713,795.3482266886284,4.480447026418518,4.480447026418518
162.1312657030197,2.048491701836811,586.1110125103694,3.7985525586853024,3.7985525586853024
36.417098548764265,2.214763149401152,423.29513232811007,0.08351427834415592,0.08351427834415592
108.99565484646466,1.3467256200251987,504.90972872599394,0.2713642049744433,0.2713642049744433
30.360576802995972,2.3045435533967824,574.428192087725,0.011961920787379905,0.011961920787379905
118.9151988182724,2.0434314400435643,462.76104965844803,4.110955804105905,4.110955804105905
99.47549024720786,1.9760744208551682,779.0260505296171,0.31722854421946406,0.31722854421946406
179.78675289649397,2.0495368577374378,706.7395591271093,4.1721717593813255,4.1721717593813255
83.16470225937417,2.337319896242037,507.31488017110905,1.6097041180719442,1.6097041180719442
41.072062956969056,2.0043238078706884,636.3218134071664,0.019315806472680757,0.019315806472680757
45.738502769510454,1.9971404558658152,688.5796628438288,0.021517822901588206,0.021517822901588206
157.071913709145,2.488814988478919,776.5115715627192,5.747699192037409,5.747699192037409
131.279251396927,2.2080762004822816,752.6541396701643,1.6992565318016863,1.6992565318016863
38.20208170210225,1.8307525665413622,606.0768904552855,0.013242495998182858,0.013242495998182858
35.139225100699534,2.148876400039513,709.8610479172071,0.007801188889007786,0.007801188889007786
146.17444366264158,1.7670765660301462,624.857901531034,1.9154756332562508,1.9154756332562508
33.097341145554836,1.5746505549801988,621.081556018216,0.003703868655764728,0.003703868655764728
167.93481067226412,2.0162222522653113,445.8967833352768,4.165280619197026,4.165280619197026
147.12360088816934,2.4138185177367415,450.4550632064608,3.6451562088182565,3.6451562088182565
34.64278051554196,2.4149674240185552,611.813446008983,0.017499276700715462,0.017499276700715462
35.270788535334546,1.7102863337265883,507.54461799160265,0.015385655593928951,0.015385655593928951
197.5951241302116,1.9332129594660339,408.41476098418747,3.48892038992285,3.48892038992285
87.36874323610166,1.5539630782838334,689.1356815600849,0.11183340002725961,0.11183340002725961
86.71558647204037,2.4947573313986604,412.99463867606596,5.113064392650743,5.113064392650743
166.30392210635046,2.477341489441523,638.1107364416218,4.6137008491867775,4.6137008491867775
190.50474392909456,2.0794107156489368,615.6775176509258,5.063865592041433,5.063865592041433
197.48019148811676,2.2652968716129678,787.5258762311219,4.082365206215603,4.082365206215603
155.6080733466095,2.15812019354044,593.6852557390566,3.9583339900416568,3.9583339900416568
87.72672539556484,2.011789862847362,425.44057455111897,2.395203726410508,2.395203726410508
35.03012900576038,1.3640175963866772,620.6751871225847,0.002080873560119815,0.002080873560119815
159.88644486693863,1.8457172110631932,736.4384682464406,1.81437169122402,1.81437169122402
120.51276495244491,2.109743562600893,798.739713712576,0.7795279220662908,0.7795279220662908
96.35996166445572,2.1130379366604215,572.137269475629,1.2171522848319423,1.2171522848319423
183.14378931705247,1.7477471421068604,528.1194969986971,3.624842086484988,3.624842086484988
40.01554681510724,2.430030383989637,762.6613187807995,0.01292549920407037,0.01292549920407037
108.67251877235465,1.5008284386841373,476.49685163044853,0.6630690383883391,0.6630690383883391
22.043656058135433,1.9004313354586726,646.1715660131706,0.001238374570429627,0.001238374570429627
104.35891555894273,2.1290607718609875,562.285769672379,1.9275386374070849,1.9275386374070849
30.134589622730722,2.136562967070171,416.4329459822221,0.03684133746100327,0.03684133746100327
41.38722492825295,2.078366748122579,538.9153897222791,0.043896412375453435,0.043896412375453435
41.154724419878875,1.6303458561422322,506.09140900106985,0.023852650625536313,0.023852650625536313
136.85785438089144,1.4874478824239463,674.4364615773948,0.4506411046755725,0.4506411046755725
154.2880782677762,2.063128392192053,779.5161990767672,2.2514143964532334,2.2514143964532334
125.00637771748873,2.019162539367325,507.2188749514551,4.315255105433441,4.315255105433441
193.19105872541755,1.5152272123470891,724.5863756606727,1.1388517754276155,1.1388517754276155
87.47670431426673,2.146166974684676,422.1439267753638,3.860800200561024,3.860800200561024
71.42817553073493,1.8462063900803876,615.2484040159253,0.16847181931756317,0.16847181931756317
176.34784307410285,2.1013127099237834,428.22002548395784,4.7227646698084005,4.7227646698084005
60.247250933501476,2.304840495724181,773.6131964522558,0.06020559456829563,0.06020559456829563
193.38005709931002,1.5036741142923078,706.5405122229561,1.1787649382994234,1.1787649382994234
22.18780544416694,1.322973841596204,663.1799644818369,0.00020764272929909265,0.00020764272929909265
194.57818880737503,2.2349231036749444,729.5585526498658,3.9611698557139277,3.9611698557139277
27.768784151103702,2.0316369101831393,659.0079182280653,0.003512750981828976,0.003512750981828976
180.4057604656528,2.139567483546546,787.5777588697165,4.874986441749937,4.874986441749937
114.98619963553398,2.305785969986371,685.5831791459086,1.7025528364186746,1.7025528364186746
198.73366330147405,2.2633731217894004,769.8634438328987,3.9925865660817808,3.9925865660817808
33.283381652371794,2.4531041763145893,606.8527568042553,0.015807431704290675,0.015807431704290675
119.69377119223775,1.943122094622542,446.82576519274505,3.850274928602851,3.850274928602851
194.4744564114378,1.8861947591918864,611.2710885692069,3.770135835577464,3.770135835577464
114.15761195062679,1.7822646398688762,450.7491312252373,2.785995514622868,2.785995514622868
133.29175486434724,1.4844292514130455,636.997391670562,0.48649550219671983,0.48649550219671983
145.2347640172311,1.987128679458427,592.9972242110651,4.211642145936747,4.211642145936747
101.81739165819918,1.6324150291911745,649.0301591331126,0.32221052925191374,0.32221052925191374
132.96045441513144,2.405569014655571,404.01879242193263,3.632464429035722,3.632464429035722
125.17657614615804,1.999828965132517,477.9361966621457,3.9991573924811084,3.9991573924811084
182.20844188837802,2.0114082166097322,596.5321727648524,4.099938660409201,4.099938660409201
28.180348461462415,1.725909593052412,780.2014246356539,0.001130658710841635,0.001130658710841635
70.57337412660146,1.362387222373249,553.4436161420633,0.050491113812321096,0.050491113812321096
191.07406713378057,1.3380925184475865,569.7488104214539,0.8746834792887597,0.8746834792887597
180.24748110036495,1.8080021729838371,685.8784356026489,3.282450785537762,3.282450785537762
102.01821550142833,1.4014784537166856,641.5171029144472,0.13881620434835804,0.13881620434835804
131.6238676042766,2.028216346648167,519.5704600393333,4.193781629837093,4.193781629837093
69.92861293660388,2.3571676067675886,564.3265582269711,0.47288107532375506,0.47288107532375506
53.861808750277035,2.3594977798224663,487.079919542893,0.2878983953191324,0.2878983953191324
103.4657128891968,2.090854492158679,786.4085836520834,0.43201355042813544,0.43201355042813544
83.6034010446895,1.5534781977675172,452.2537526229439,0.4357716263427616,0.4357716263427616
125.05810013315697,2.3355961976306467,548.7347138265677,4.660124832733146,4.660124832733146
33.99223465369727,2.3633121223758495,410.33558888800445,0.08279610684439749,0.08279610684439749
195.39106537990997,1.5359843019435504,488.71179677341854,2.918663037323684,2.918663037323684
197.51793400632852,2.184911302924813,712.188455352062,3.99018516994748,3.99018516994748
145.66910852355414,1.6438234587125475,480.4700929155518,2.6431940385627715,2.6431940385627715
116.49734594194167,2.2631683748235156,432.02536101158626,4.0371184223042365,4.0371184223042365
75.714970931539,2.496685479884323,589.7812719378094,0.6429857520173526,0.6429857520173526
166.48310354725075,1.3360312063952715,403.9876938938074,1.3368734642709938,1.3368734642709938
143.25161105969826,2.376839038949118,433.90646177053327,3.678727027824282,3.678727027824282
49.27104908208044,2.0471566403183896,723.0503478251901,0.025629294024152784,0.025629294024152784
183.96689320889163,2.4680591429977854,708.5893379438426,4.445995960731094,4.445995960731094
168.0567037261704,1.8580114210317131,766.0555281619584,1.9774269141110261,1.9774269141110261
190.96398439254634,2.3168655166856484,741.8061743642997,4.0134418663653575,4.0134418663653575
150.6295115099048,1.3748728823179328,673.2702252959273,0.3503840588239543,0.3503840588239543
130.41473526844217,1.702334860093955,420.93314292026514,2.9756615280962118,2.9756615280962118
95.2837465323114,1.380419845301452,713.139447194663,0.06618945226808483,0.06618945226808483
187.89112700372237,2.4704117601748847,738.2043243362242,4.196292719311898,4.196292719311898
175.8915001100735,2.2803686887262042,719.6328583087818,4.2003001902412995,4.2003001902412995
28.139360619114093,2.3230569054951644,603.3916141232104,0.007278488929207229,0.007278488929207229
24.74605540950536,2.425558277720673,493.16073545979265,0.010716537770661966,0.010716537770661966
87.76340603804893,1.4021241833437426,738.1319902754907,0.047354891515962436,0.047354891515962436
165.89959954072992,1.762717111016,690.8651238960554,2.1077447212006364,2.1077447212006364
197.70970327669,1.3852418668528026,792.3044697555406,0.49551003720447295,0.49551003720447295
47.075040398635075,1.5529517218600344,462.2770391023732,0.046855895640482564,0.046855895640482564
126.94352876338432,1.575238932445207,490.265833220822,1.343168364558949,1.343168364558949
88.56035419358388,1.8629286532570943,484.7192599526011,0.9952579124308417,0.9952579124308417
194.58459160662858,1.6222746009443711,717.0159070485347,1.9390998358341536,1.9390998358341536
171.58140616442756,1.4211737281813133,474.76291858004726,1.6201934162830818,1.6201934162830818
170.89916684800482,1.5009893069129292,426.6639319293224,2.5881401961189594,2.5881401961189594
104.36476876309465,1.4767306762625092,799.4243226342514,0.09408241047900578,0.09408241047900578
94.66751042077973,2.467692157494758,409.9268845780597,4.312459797281121,4.312459797281121
69.21327294752712,2.2111510083021684,734.0976240635463,0.12283430330720385,0.12283430330720385
30.147589397166882,2.4613137583234743,546.1467366202611,0.01633850624798416,0.01633850624798416
175.65002772590958,1.8276885838094903,736.646183903126,2.596293394692686,2.596293394692686
166.32218164341396,1.634042177995188,621.848196484458,1.935748685265461,1.935748685265461
199.9491811915035,2.2579518366510243,760.6524917945441,3.9736881044837844,3.9736881044837844
199.39463067330297,1.691504701649376,770.4771945658506,2.1619586456313624,2.1619586456313624
119.97770700847295,1.659260048446418,403.6392725123104,2.691070062840667,2.691070062840667
158.41773473249188,1.5790071906493974,430.1648703971153,2.7624707764792147,2.7624707764792147
190.05783137883705,1.4556147738690826,500.1434918283422,1.9940817788325385,1.9940817788325385
172.93653032193407,1.6077556732201193,667.7261665454007,1.5434573099112487,1.5434573099112487
64.52265831377558,1.7263836981686653,755.3088786046023,0.03702632612919497,0.03702632612919497
101.09794435581684,2.1087930497748766,583.9767805175851,1.3511759237234275,1.3511759237234275
43.2486947272691,1.375077810663342,642.7892465097061,0.0044246582078622245,0.0044246582078622245
191.72918490657003,1.5526083275984115,475.39994111822443,3.163832970106478,3.163832970106478
129.1114342011584,2.2708283683500117,721.9867335526742,2.2375418054778358,2.2375418054778358
61.15570499062329,1.476306308300525,786.931244541388,0.012143620081912066,0.012143620081912066
140.9061231930542,1.7111741758270258,507.43957316583896,2.8104056902832353,2.8104056902832353
131.26308328242123,2.337590706229768,597.9303806402186,5.097100401747459,5.097100401747459
84.46928924591128,1.4859103733721313,434.4464442025495,0.3941799839625424,0.3941799839625424
40.44036659593323,1.399284202741828,623.6546625851873,0.0042839059093889575,0.0042839059093889575
140.88317520670392,1.881445594096013,601.1133767386723,2.914373871145504,2.914373871145504
113.65538616268279,1.6629034135342438,457.77459366203107,1.6466064116959063,1.6466064116959063
159.01731051241507,1.976090037380625,576.82648524723,3.766579807264347,3.766579807264347
113.62943020015881,2.26456586858017,533.6418608346253,5.456658600906602,5.456658600906602
173.39267005733723,1.4645781857832918,608.7323501220758,1.1099566113045316,1.1099566113045316
119.3432309794074,1.996838901465142,634.2617341715197,1.501604698134266,1.501604698134266
120.96883487636953,1.9066105124678367,403.3982314428838,3.5758396290718153,3.5758396290718153
177.7976484785021,1.4728945432158396,704.4023931798222,0.787341102087861,0.787341102087861
92.62691591823146,2.048798182634779,685.2057167446962,0.45259141609639936,0.45259141609639936
44.12274112111533,1.6283685014329259,546.5145544826089,0.023042284751166972,0.023042284751166972
25.180881736401016,1.885401182252815,421.1743742275273,0.011748806673275046,0.011748806673275046
155.9247060212514,1.3987267891324744,701.9730159140202,0.3890641024764846,0.3890641024764846
131.65571924362365,1.8515008686563477,782.070064191253,0.7279507839354407,0.7279507839354407
146.73435825786024,1.6677561616513845,496.0606384088057,2.7326945614380405,2.7326945614380405
58.33354907160393,2.2868574534224253,529.4098454948152,0.2619674814223806,0.2619674814223806
44.54686560561856,1.368374472396842,473.52515579272597,0.016103302828770472,0.016103302828770472
22.618039820218748,1.8023287299019959,630.7744493379358,0.0012789794378723356,0.0012789794378723356
83.10576058518745,1.8501177089577256,461.936557858982,0.9162667149198263,0.9162667149198263
126.18518363383396,2.1700072915589423,542.4775773845518,4.796438184087898,4.796438184087898
90.60392811795182,1.9891450901082532,678.8052055737052,0.3891280693248357,0.3891280693248357
98.74548596427123,2.100654804633017,624.0463932037394,0.9288225397268038,0.9288225397268038
182.74856500887472,2.2324591427821074,554.585025731174,4.334550125327626,4.334550125327626
82.68598406419406,2.3346435683898266,568.0998407230168,0.929490577356746,0.929490577356746
112.51810804876594,1.6766505960669646,624.8443530492918,0.5920549837225959,0.5920549837225959
161.05754229340576,1.9456272464366835,402.34589115486455,3.972687242110446,3.972687242110446
91.37770081782863,2.30812969412704,431.4039473814439,5.573914245616334,5.573914245616334
131.97560604101722,2.487341357158068,752.5032271052046,3.702759815754502,3.702759815754502
175.22546757441413,2.367423173252516,431.1515956365163,1.628260678820884,1.628260678820884
190.91371225837557,1.7457607151492522,682.721438484202,3.0802047170808824,3.0802047170808824
46.47322656722683,1.5341998206623806,768.015265643621,0.005450561627572493,0.005450561627572493
186.785772529069,1.8872710448879064,508.27344172069246,5.215574271265247,5.215574271265247
108.58093275431688,2.1899697422032505,548.1965748238057,3.385624383265972,3.385624383265972
66.4839898938125,1.8910828849039572,627.5685623378865,0.12578281526208404,0.12578281526208404
102.64443612288703,1.8798170359764024,752.6835878554339,0.34661417806209943,0.34661417806209943
196.40586355138586,2.3058765052981607,776.762234904168,4.038029080165912,4.038029080165912
108.67125691871652,1.7336845348806236,695.8252992445073,0.41987868574840465,0.41987868574840465
79.17528985175147,2.331753609773975,434.6479043418776,3.0034373842955238,3.0034373842955238
134.01215377701064,1.7881657611420683,667.6616622139403,1.1414543439438618,1.1414543439438618
63.22621138007475,1.6938797268140073,564.1214887490648,0.10345597764499291,0.10345597764499291
33.65539905955951,1.844787893439639,588.2803997964246,0.009150369425113346,0.009150369425113346
43.19834994391686,2.2149363504098423,419.6593561380708,0.17971860930846634,0.17971860930846634
43.048251012399035,1.4512024334367932,476.4248557385433,0.020064798570615203,0.020064798570615203
47.34248483221298,1.535703059046421,716.2054430134591,0.007812677366376846,0.007812677366376846
44.98889107689382,2.4417337907957104,581.5835332191439,0.06626536429801358,0.06626536429801358
135.35745406457863,1.510589952857629,520.6648966524596,1.0248107666628168,1.0248107666628168
52.738415191846066,1.9812727815172655,553.6076295859832,0.09410046151077775,0.09410046151077775
82.22011099829538,1.9951773599943254,741.759805330272,0.18162731400488696,0.18162731400488696
181.42191378308212,1.887549354460294,699.5996069619828,3.75543598750337,3.75543598750337
105.31309524731702,2.073694298292182,508.9261588724331,2.99498000321311,2.99498000321311
140.1603929337849,1.5757920709571422,447.0007360849493,2.2892712508973387,2.2892712508973387
51.01757681629337,1.9631947213320977,500.79928865762867,0.12106384776521738,0.12106384776521738
54.61202338556074,1.7466079062962767,768.3025804218935,0.018286338851050486,0.018286338851050486
27.356350927966197,2.0940007115550268,632.6355351399021,0.004219077097784235,0.004219077097784235
50.408311352989614,1.4694682520477793,613.3920834979132,0.014788284047211555,0.014788284047211555
70.14626102575255,1.9850529002073714,638.5574398769846,0.1720642080333212,0.1720642080333212
51.86188716981442,1.5223244264599884,546.4113062986061,0.03189769413831871,0.03189769413831871
35.966456076270006,1.6343716757380438,722.842808127805,0.003312161021890694,0.003312161021890694
41.714456798108145,1.5624517603883,609.3144997200999,0.00978840859120704,0.00978840859120704
102.94017824589064,1.5194053358425805,446.6991611075182,0.7360189226642218,0.7360189226642218
57.14006931304265,2.2908531418728004,451.6260499316252,0.4793401982119592,0.4793401982119592
85.56857498865358,1.6428490811930685,614.7436586010474,0.2123270627094274,0.2123270627094274
110.61510875387424,2.4125485382373393,774.6280872283357,0.9446160137589601,0.9446160137589601
144.27106915328574,2.4639118304142293,523.3408486704795,6.529495837696678,6.529495837696678
27.07618517139781,1.9855125639245168,747.8164675436874,0.0017865234812974617,0.0017865234812974617
163.8938718036277,1.4716013471988718,705.6382346315518,0.6171050401282329,0.6171050401282329
133.02207010836338,1.7494578920554975,499.1249771627628,2.8905733467685946,2.8905733467685946
34.71662575079694,2.257278716017857,414.536299326497,0.07804140377449191,0.07804140377449191
177.2441523392199,1.7408688744364846,440.7389060569531,4.647491960134099,4.647491960134099
185.75703209572637,1.4044206619633466,691.3975735389761,0.6745882877839974,0.6745882877839974
30.994032773875475,1.9681418931138257,479.86789521625866,0.01837699255435847,0.01837699255435847
69.83797666649667,2.314145021795242,548.5083682021575,0.5065756915745262,0.5065756915745262
165.11623036275103,2.255111664572203,600.6796664025699,4.150742111265091,4.150742111265091
154.6867442690585,1.510147768156424,690.1872673800651,0.6553886225675752,0.6553886225675752
53.21378348414792,2.10731753729496,445.29248930365014,0.29543514714185076,0.29543514714185076
57.68287820060785,1.5646051161227765,562.5465621109846,0.0500238193686048,0.0500238193686048
86.68497850244876,1.5618490414626067,594.0291636570781,0.1966761564927474,0.1966761564927474
107.21413733438384,2.348886127966222,616.3308255886159,2.299263670352424,2.299263670352424
131.28585887545327,1.5996027432882762,727.3442565580867,0.4719481526195644,0.4719481526195644
86.40445512255903,1.6158968158216134,468.6712780172868,0.5325175764252954,0.5325175764252954
103.25624890396662,1.3007840689135595,723.1325807306489,0.05301831517681519,0.05301831517681519
154.5447688640762,2.344802840950621,677.1513710786609,4.6218720393867265,4.6218720393867265
26.60297652030762,2.2511137758509614,622.3483256795837,0.00477022833542766,0.00477022833542766
65.43864998192373,2.0527947221088136,679.8111481610288,0.10941297719968093,0.10941297719968093
148.40292545921943,2.200318916726611,564.8070955806626,3.950000022087719,3.950000022087719
181.13723078369588,1.4824582809093902,455.35903438724984,2.382528187665742,2.382528187665742
112.1019395808199,1.8499883135050905,666.3060961061469,0.7240071828288498,0.7240071828288498
115.78042734775681,1.721463264818537,609.8689226742489,0.7960758174029046,0.7960758174029046
39.29096204115969,1.4125318315084199,655.7499202171102,0.0033167358913668964,0.0033167358913668964
100.53422602822184,1.883356582257909,535.199512411396,1.149680444844213,1.149680444844213
115.87110796190417,2.4048875804111622,762.7466309359344,1.2423894644037998,1.2423894644037998
63.64469065425134,1.3480709428608335,634.9479474302308,0.018523234777262157,0.018523234777262157
68.46378157088857,1.6497530961925526,434.16099371634954,0.3457394950639955,0.3457394950639955
87.91114935883208,1.5490491234468442,579.9215962817715,0.21659374143868898,0.21659374143868898
23.612815599990746,1.5857759843988357,702.5424218974538,0.0006005229373107602,0.0006005229373107602
77.97424980497209,2.3901214622552502,717.653824692909,0.27502892086685254,0.27502892086685254
58.06064125937804,1.861682865081148,597.8388211055035,0.08304356245974141,0.08304356245974141
78.94952339202464,1.8595592955277827,757.8990283325204,0.11056788232363095,0.11056788232363095
41.557183727465215,2.212690770946339,507.06737487771903,0.06783641467972572,0.06783641467972572
180.29491053318108,1.485390644805911,564.2394788953067,1.7057668222920908,1.7057668222920908
126.84664163972876,1.8847184249200608,759.4387642275881,0.7602938721424463,0.7602938721424463
142.23841744600813,1.8159822569452717,758.5026865886316,0.9741272817744139,0.9741272817744139
162.0508229493209,2.0162928286559874,674.2851075298723,4.343693537956709,4.343693537956709
109.7195958072303,2.4994692439005264,743.592218848888,1.2337748564760191,1.2337748564760191
35.64565185573626,2.2233386728984565,435.50930678249307,0.06826025075919874,0.06826025075919874
116.6791775273386,1.7774388436209128,745.9979904831105,0.4703249536603108,0.4703249536603108
125.63140124375825,2.2930636627288563,528.2479626200907,4.369276633872723,4.369276633872723
154.1791053531794,1.5048500359749764,471.3326049712865,1.9255723259502835,1.9255723259502835
97.69871832134228,1.336556423570752,495.74793453681855,0.19628242672317947,0.19628242672317947
42.96445450320148,1.5453380469571276,567.1874032055548,0.013938414679122314,0.013938414679122314
71.07966304377041,1.7084938673371117,500.4768018417869,0.2749417478060891,0.2749417478060891
85.35481335175432,1.9126969089514718,528.2270344065996,0.7134728922526755,0.7134728922526755
136.26510343968823,2.03815496864944,453.9913944286568,4.052224311322826,4.052224311322826
122.74009484040414,2.392726860657306,518.4707062235994,4.255552939425463,4.255552939425463
84.09741066161233,1.9118248114605492,628.9135258168005,0.34091056466513214,0.34091056466513214
197.57274478273635,1.9015307735508753,576.7414832364256,5.132284707536104,5.132284707536104
129.0394674842397,1.3602916117875785,538.6875044943645,0.3878684783949204,0.3878684783949204
62.70082251247901,1.3418938631874686,698.5808515428456,0.011625275227409823,0.011625275227409823
38.32084507167267,1.9613919542996465,757.4039885573272,0.006701338713837785,0.006701338713837785
47.51464505317976,1.8258143358980135,702.7156891609588,0.017480536809269923,0.017480536809269923
64.27239110921147,2.3070164739763586,532.8002808470717,0.39728103347362054,0.39728103347362054
48.92264718672002,1.4928155016542142,697.7768671350215,0.008547381405072671,0.008547381405072671
53.58206432923504,1.3299659945404596,460.79207298962046,0.029622729691463973,0.029622729691463973
71.31713036489248,1.838846521516151,452.12719523651634,0.5585664616997549,0.5585664616997549
51.20724715305587,1.584974268102709,538.2508148144636,0.039464712823195774,0.039464712823195774
181.41777643275654,1.359537248006605,723.0809476176228,0.4362149759264546,0.4362149759264546
34.4420742190956,2.1695179442171546,498.53929889692074,0.031561183659491586,0.031561183659491586
114.41205012264584,1.433911599948697,425.30136355947184,0.7902903309482929,0.7902903309482929
93.87142885813907,2.029983400009326,452.683814082542,2.6193596599262428,2.6193596599262428
196.82815104354916,1.637259700200267,743.4979874118321,1.891416525747247,1.891416525747247
40.16700239024942,1.5081952604260265,653.513313898915,0.005321345307256206,0.005321345307256206
91.6140078282335,1.755701827503181,501.2804653479907,0.7694694268874129,0.7694694268874129
194.5046779895664,2.2617349314675446,622.1183301312725,5.036933648230773,5.036933648230773
175.79128266091644,1.7705122922854872,611.0318489701401,3.244076200210651,3.244076200210651
167.0729727708704,2.200923579053267,662.1743913762646,4.102823229583148,4.102823229583148
66.42250886808917,1.4505835561589808,493.2750217686465,0.09489154947165758,0.09489154947165758
50.759765730211846,2.227325703598095,745.7611948777591,0.03160064658262033,0.03160064658262033
140.35577958639757,1.5843199898879785,523.7474248320051,1.5804761784762356,1.5804761784762356
187.28767804296544,2.112871755866647,677.6526615904947,3.854868232349304,3.854868232349304
120.21732074250735,1.9789378658091956,406.44985854888597,3.7273039602689493,3.7273039602689493
122.89028410458198,2.4149736606540246,549.062851957659,4.6339525197658835,4.6339525197658835
70.39623685885115,1.764787021570377,540.6839271835233,0.22470558234715296,0.22470558234715296
158.50872797454863,1.3793982266013285,617.3937714332058,0.5183931108628275,0.5183931108628275
53.66787474035421,1.3229865826615035,429.0945047108786,0.03743881143039392,0.03743881143039392
78.26226255276387,2.292230273167304,716.0525494904433,0.2544474719878647,0.2544474719878647
96.57855895095501,1.9296827651937187,487.1123207070274,1.5769486291604622,1.5769486291604622
111.3698681632019,2.230292862201939,670.815125952804,1.4116843134569823,1.4116843134569823
63.633751834714445,1.5813107200138177,721.2848492976373,0.02880283129493365,0.02880283129493365
40.670628453056636,1.7141004946158804,624.7507824966052,0.011902081494277175,0.011902081494277175
129.91160763949387,1.3361246466535828,696.3532826887943,0.16534670534435292,0.16534670534435292
71.95349958324604,2.4537907894889344,664.7441248860023,0.2877761425357749,0.2877761425357749
124.62287985607021,2.101441488040976,542.211918860803,4.732577022159194,4.732577022159194
47.78528874935641,2.4198461053111675,723.5434156134261,0.03336416547025573,0.03336416547025573
106.60521833386714,1.618595688914887,517.8805479542112,0.7548155128249114,0.7548155128249114
115.86609785928546,2.033756333470793,628.4851671006069,1.5009311895348476,1.5009311895348476
29.328236628036844,2.1141999619511656,698.1590956566158,0.0038415241659107897,0.0038415241659107897
80.58877007490571,1.681059640309106,551.582363925003,0.2846609116691908,0.2846609116691908
44.19464184901536,2.317731082018756,521.10704304697,0.08760351915128367,0.08760351915128367
31.407494685098193,2.436593755480297,583.738404069129,0.014414149702800569,0.014414149702800569
198.19284183019013,2.3618261412352055,727.1853977396614,4.730587260714578,4.730587260714578
78.02369209545014,2.186880371127247,771.9687052582659,0.16064341473412933,0.16064341473412933
165.7774002538343,1.6329576156699448,618.0333651439561,1.9465232757290243,1.9465232757290243
65.83531785747749,1.637939250526758,664.5864821294608,0.05414985498450574,0.05414985498450574
142.67049000030727,2.4560323845352454,761.3094488955657,5.618930004028104,5.618930004028104
156.84101478014358,1.3123413951228304,439.41874056517696,0.8657393670124526,0.8657393670124526
127.21497330941197,2.1592599678905735,492.831431146466,4.019298140034827,4.019298140034827
104.88371393902851,2.1474953950663145,683.560002500633,0.8857474472654571,0.8857474472654571
94.13136454650834,2.047227449139757,729.4977847649199,0.3724932515877979,0.3724932515877979
82.79628797773915,2.4881306153042386,742.8116113322312,0.33841496491220985,0.33841496491220985
187.31524596460866,1.6742553229164703,566.042870741973,2.934901703696424,2.934901703696424
169.51149340179126,1.707966236551898,435.73596091674676,4.5223371911106645,4.5223371911106645
193.70484391997226,1.3947272835358666,575.112590919848,1.2422739902693956,1.2422739902693956
42.373500227398054,1.831357763852485,492.2938360828215,0.04759929627064574,0.04759929627064574
151.55614553665598,1.6132582314818178,516.4785819986497,2.315484523327639,2.315484523327639
188.90128222778682,1.712064042613173,708.9070227350023,2.5666200200912073,2.5666200200912073
52.621951909818826,2.3014861483067532,430.2108344103548,0.41927091686036255,0.41927091686036255
31.96932812601995,2.422581416232995,731.0324869922808,0.006083167243119135,0.006083167243119135
153.40171687221064,1.5228796864062228,571.0676343296676,1.2102377456317197,1.2102377456317197
123.40516037238415,1.7470107178641592,638.425572440238,0.9036064278521835,0.9036064278521835
171.52917981648898,2.414356674538473,435.8608924942716,1.2924537189212641,1.2924537189212641
45.15902779273211,1.3741701528270671,534.9436313429119,0.010826850627673983,0.010826850627673983
163.14811613478022,1.4108326337336543,435.8803676059383,1.636516261767788,1.636516261767788
56.29291760859402,1.4953491870474753,784.6174891524438,0.00945950987404778,0.00945950987404778
49.45806971582681,2.0142554009522495,722.9046597305002,0.02490535054173571,0.02490535054173571
49.567843627578725,1.480566725207197,583.8531017425842,0.017568159370616326,0.017568159370616326
166.6234496416488,2.4616916577408805,489.4410193294684,3.0322882278990027,3.0322882278990027
139.735499725316,1.8360574327102244,773.3820420999409,0.9002989536187711,0.9002989536187711
114.15177645844147,1.9018215524201998,537.8386382907887,1.956855886132113,1.956855886132113
84.58948714223045,1.5959903389664878,464.3937726749499,0.4804194513763017,0.4804194513763017
177.89609734635948,1.8651523029216803,625.2657553815819,3.541903186357346,3.541903186357346
90.64011933607436,2.0942963591644137,777.5096481379264,0.2610916527200448,0.2610916527200448
166.98789910488387,2.201412564344851,401.53211620012905,2.522524847783985,2.522524847783985
99.04428354263932,2.2046416992518956,495.2499373015995,3.791017507653484,3.791017507653484
87.84999729648337,1.993469335232906,775.3790561641631,0.19854980171419143,0.19854980171419143
103.28236142052916,2.3852317299926287,468.43438674286483,4.883227394722167,4.883227394722167
74.24801734954558,2.280889416767331,445.29738065592795,1.5778273479059746,1.5778273479059746
154.5696884317252,2.2084577376383505,628.0748863199218,4.2500235384394065,4.2500235384394065
110.48967021664625,1.3667266260165527,744.737529317932,0.09047272412013456,0.09047272412013456
61.79828512642712,1.3082535546635792,590.8439270775705,0.017283340440000634,0.017283340440000634
181.92342318942232,1.5549367326345676,797.8257026738099,0.8188335292578092,0.8188335292578092
89.10041984717806,2.0962283126961427,671.6686798151972,0.45072243359953923,0.45072243359953923
117.83951500051795,1.793436986659055,429.6299628841791,3.323239613253356,3.323239613253356
183.16497997361844,1.7828875111591742,797.1328526727901,1.8773300779868034,1.8773300779868034
132.36283926451858,2.3615042658755367,563.1576947120761,4.341191879941897,4.341191879941897
41.04164732750553,2.3746754177582066,514.961013538193,0.07095403977166936,0.07095403977166936
189.16978225042553,2.391010316864303,623.1516734311542,4.105760178025476,4.105760178025476
132.9874495528552,1.6766536918180328,521.7230367283457,1.9262693302661387,1.9262693302661387
80.2830106382755,2.129266975287114,434.5830028480609,1.884588415201918,1.884588415201918
45.0689730794097,1.6259598175292436,400.57133723167067,0.08740352336534335,0.08740352336534335
162.9245340686533,1.5287317996893397,579.8333411681049,1.4499914843673272,1.4499914843673272
131.61309606713243,1.521558948816843,734.7453688906369,0.3501731221870523,0.3501731221870523
116.02299655573788,1.710529145036313,628.9260742520306,0.704283769453044,0.704283769453044
180.90066494917238,1.8159491437357862,799.6829195773763,1.9682838243740213,1.9682838243740213
161.94749802041554,2.2971390052660823,514.73865825888,4.4591350364494176,4.4591350364494176
47.30147835189521,1.4438693121672546,512.1820259040221,0.021229476811010537,0.021229476811010537
76.10997220319868,2.181911016873873,463.8997840935777,1.2332004694458982,1.2332004694458982
64.72804516660383,1.9377458970271664,465.6254353061341,0.4184517369717053,0.4184517369717053
153.91033266308185,1.645534411211191,514.0746384040191,2.6216480796728168,2.6216480796728168
26.03583825244029,1.8913835014393894,717.1360181094109,0.0015688880370580236,0.0015688880370580236
122.58014327683698,1.6599304837324271,762.3027162545791,0.38213901858371885,0.38213901858371885
157.2425634333243,2.015298346285967,790.0348678830726,2.0194262366691613,2.0194262366691613
177.8178146171149,1.8206127074262932,492.9158616385811,4.967587243534951,4.967587243534951
81.57471476886334,1.4972866348946545,752.5190182456367,0.04941869865396939,0.04941869865396939
167.8263148409623,1.439899689466836,531.3020357109349,1.338899084177825,1.338899084177825
39.9137126519373,1.9560348184865561,445.13621780675373,0.07019198116334315,0.07019198116334315
172.36141251221326,2.382895639943324,748.0099702080663,4.450971501606744,4.450971501606744
42.94795921975684,1.7127492238692228,654.4422538574474,0.012260160698503268,0.012260160698503268
91.51171230086611,2.179600128667148,465.89235843242466,3.095246027289166,3.095246027289166
163.51316584031966,2.0903936259277205,571.932503005201,3.89166880515266,3.89166880515266
46.985136922779276,2.417865897171377,514.9030779508271,0.13192119889302908,0.13192119889302908
61.26525114187547,2.285177220758969,694.7178274840787,0.1001400620979195,0.1001400620979195
150.00546231075194,1.9799263106865554,581.3664922497072,4.055787056114515,4.055787056114515
149.60657657829339,2.088436597880929,795.7119780425539,1.8589158658814138,1.8589158658814138
135.40657391935352,2.378063759900842,421.89799290383803,3.7499198203355304,3.7499198203355304
144.910720004078,1.7794225415043217,542.0061064544986,3.1494309792630992,3.1494309792630992
117.69039980256731,1.6921536470293328,592.7600668439909,0.845538470539742,0.845538470539742
65.3238306032515,1.3129733003622357,601.2534218993279,0.02060486869590192,0.02060486869590192
82.22527883070549,2.291861289029757,526.3743289542547,1.1924605288732448,1.1924605288732448
52.68758902425662,2.2611768404840378,691.6960996390271,0.05246782894279825,0.05246782894279825
183.5211010400531,1.4253454217201817,749.8988293955899,0.5765423602351962,0.5765423602351962
125.01052305790168,1.9922288573592404,775.4877207911452,0.8247085975839452,0.8247085975839452
92.15325501745518,1.856778037800265,722.0373507198105,0.2533964228205371,0.2533964228205371
103.16104465594388,1.4424509146109339,740.2320789226397,0.10419230537324456,0.10419230537324456
190.51100113012677,2.4766818724728683,620.2181202479982,3.509595525893441,3.509595525893441
47.60325256089443,1.5576350649560267,730.3552905707259,0.007913288848803792,0.007913288848803792
125.5213697630235,1.3806810161086733,521.4015636591809,0.4394990964739197,0.4394990964739197
111.05996219920388,2.0138168554022915,559.3915048436858,1.986850404084649,1.986850404084649
130.0617623782366,2.1866400125596392,526.7652055274177,4.257004678764499,4.257004678764499
23.259833087751293,1.3389321352566244,586.9549341791702,0.00044580064402962205,0.00044580064402962205
176.98230360994728,2.0904611664724264,514.2318464954545,4.871389011574427,4.871389011574427
187.78129084705023,1.9387502511417454,784.6445769017787,3.742351696868945,3.742351696868945
121.72397304605761,1.4239180106500582,525.1378512022673,0.4941117931668102,0.4941117931668102
145.3971482978406,1.5070286523356344,439.2178152443759,1.9764547320505383,1.9764547320505383
186.04988861191322,1.9815691567792966,610.7268664201654,3.9020369858577055,3.9020369858577055
147.30295417641173,1.655629136215946,422.8396313780705,3.006950187871059,3.006950187871059
47.45702772456704,2.4259788743815793,444.2172665234322,0.2645287756373667,0.2645287756373667
123.73190483002637,2.282488275380861,487.75575567849853,4.0330711728164985,4.0330711728164985
129.20870834891406,2.4802806478163957,585.7400999528567,4.610451175191404,4.610451175191404
96.34352083442948,1.6116050067404968,573.3003729236111,0.3856784091411423,0.3856784091411423
152.55996241245012,2.4636683593575723,719.8767448011165,5.110651071577428,5.110651071577428
188.18606265842268,1.8174806437498696,695.7898615536453,3.434575942989643,3.434575942989643
186.60233232321974,1.7170225543765056,570.5273175962805,3.1038547114091277,3.1038547114091277
101.15108685274377,1.360419432363224,533.4816830302519,0.200359121082949,0.200359121082949
40.38284825133594,1.363318309431523,526.5875136245994,0.007009746132785317,0.007009746132785317
197.27141581322022,2.1304135071359855,709.5980349176036,3.886232671039821,3.886232671039821
171.00165556026815,1.8495147933208336,420.8289624885079,4.2738621026961905,4.2738621026961905
42.43928261658803,1.5718259512433268,405.1286598042423,0.0557592002158472,0.0557592002158472
185.75153887112702,2.0367643675902793,718.2177567706592,4.073712516641828,4.073712516641828
176.5813451711831,1.6034297419001335,590.8585503956197,2.3194407620185626,2.3194407620185626
113.39085028269298,1.9931581052133072,452.35245542143036,4.195072686625243,4.195072686625243
126.42957843408726,1.7310504963792284,494.2263738378005,2.407227662247057,2.407227662247057
91.82048669662345,2.288262671934183,773.001581238953,0.36353438044354264,0.36353438044354264
29.857094987965638,2.2848353929201353,743.8011902499592,0.003813308119499117,0.003813308119499117
80.33550349626216,1.8728204777468815,683.914020089589,0.1863053987324121,0.1863053987324121
164.51362074764205,1.7209829312020188,592.8900921349307,2.8811903079888213,2.8811903079888213
20.833764140828514,1.7350717558709134,608.1294504765543,0.0009319100721679048,0.0009319100721679048
80.02985090440595,2.2668574308018616,790.0978141135835,0.17799722728810868,0.17799722728810868
91.6703648463698,1.6938153793571344,786.3081775537148,0.12125748340129403,0.12125748340129403
116.73120852882612,1.5508712484482152,486.1076183143337,0.9428670615268062,0.9428670615268062
185.57401095429688,1.4016260102503681,724.4418265221273,0.5802732184998535,0.5802732184998535
82.34227898587302,1.8600317450612902,478.89706646680673,0.7996890188819911,0.7996890188819911
82.45157634132099,1.8785585187038103,485.41499115358056,0.7971889821146283,0.7971889821146283
152.7502246597547,2.3090904524834883,670.4372136658308,4.7344649210962135,4.7344649210962135
101.3992293601653,1.5654864357352767,562.0004394350194,0.42031839665935083,0.42031839665935083
60.42886812919675,1.75718952840208,772.617762842608,0.02763998266019519,0.02763998266019519
101.4391129038848,2.270086886672429,435.60389395840355,4.604947617246617,4.604947617246617
45.35426366836397,2.288348332898768,604.6102563237972,0.0505632817912166,0.0505632817912166
51.749657571120196,1.7615332911745218,767.4086121772484,0.015227406519514165,0.015227406519514165
109.70619909310635,1.8509488279440172,761.645464191802,0.4054910021076681,0.4054910021076681
95.40658091081862,1.6639430690191395,462.61168536629646,0.875168676767844,0.875168676767844
184.67226219225802,2.4190658541031747,546.6550800385826,3.3708761852028886,3.3708761852028886
85.23090184099397,1.4423725188898964,647.6485600186785,0.08394421377550887,0.08394421377550887
124.50590305004782,2.420499307601764,463.75795390856086,4.945535916537613,4.945535916537613
133.80757182551548,2.120639742202412,787.2088688182955,1.2812834411824976,1.2812834411824976
22.357002185900054,1.9378865832240775,765.8997314910641,0.0007001123901876096,0.0007001123901876096
139.4367269630079,1.339190872941395,466.78007161378764,0.627357274488204,0.627357274488204
52.04647403655526,1.87071543018641,448.46218450439414,0.17655262331967092,0.17655262331967092
192.99265714450192,1.7892977260032787,434.16339312330615,4.087863305702486,4.087863305702486
46.759290995560335,1.493462574370147,763.7774656146524,0.004974723611980708,0.004974723611980708
94.63234227086427,2.087691524200788,477.4495239181843,2.441015846284306,2.441015846284306
35.362940254155895,2.465381088841943,566.5139714177419,0.02733370529165449,0.02733370529165449
199.43736533227053,1.9746265732774302,579.5405462608012,5.649056871234088,5.649056871234088
110.39510185962367,2.157703931732735,639.604417685427,1.465404720624572,1.465404720624572
127.16930311760788,1.3821405430792202,428.69413749897,0.802606855286639,0.802606855286639
32.073765929916945,1.8012003949803939,490.7034469602064,0.014522863510397808,0.014522863510397808
154.992884671852,1.4396301821973951,772.5961547675704,0.35461512888165253,0.35461512888165253
57.783006757205435,2.0353550026438123,763.3640429074278,0.03900402861577072,0.03900402861577072
181.6497720993285,2.4261785898569856,712.5162589622769,4.110832520601876,4.110832520601876
56.92513528676129,2.094133278965966,407.7604982472862,0.5548372620050569,0.5548372620050569
54.32378971945998,1.3921636579773058,530.8027073984408,0.02521972289512555,0.02521972289512555
26.57894021265708,1.7255994459820994,651.183494137163,0.0018483911510191362,0.0018483911510191362
104.97205011979986,1.960796055329022,510.0760847093903,2.026936659258285,2.026936659258285
121.67140398727096,1.7838493073599027,763.8346780215109,0.5107797839451184,0.5107797839451184
31.827555097103428,2.300372812570207,653.5557847329767,0.008513631541836942,0.008513631541836942
159.5949710051019,2.2776052056519873,428.7626869265782,3.386232121221618,3.386232121221618
101.59199025464497,2.034197224123866,763.6022355342811,0.41398590541797753,0.41398590541797753
114.39024847896441,1.7481495341592463,783.106663270489,0.33865886853802163,0.33865886853802163
99.33729444888107,1.606403648515893,431.0849673566902,1.0216182981196111,1.0216182981196111
92.13735095755868,1.4270491818557551,612.944093944526,0.12837796390167722,0.12837796390167722
120.73525963547922,1.7258772201838648,521.3457128856681,1.5858706141169623,1.5858706141169623
47.94324426752825,1.7958070206492636,557.1356305925609,0.04432271048158772,0.04432271048158772
52.7470634891488,2.1109875101248883,471.86048718213675,0.22370941414822934,0.22370941414822934
175.1214117824331,2.089791789157088,631.228840804965,3.830457772028081,3.830457772028081
190.3007831840539,1.3841297675695083,783.1917412995563,0.4588005090912693,0.4588005090912693
87.19567693035553,1.7743111785173893,601.2290401086436,0.35093727944704484,0.35093727944704484
68.73404116583967,1.5181346406608343,433.16583255779244,0.22822359570286158,0.22822359570286158
135.91991778302284,1.488175246380167,648.0005333909634,0.4974318374620795,0.4974318374620795
93.57215079765736,2.292762579684695,536.0891977805028,2.0501985036610666,2.0501985036610666
24.569544018862075,1.350298260059509,742.3700758365192,0.00023063528112685772,0.00023063528112685772
48.10746752591427,1.8030194510825455,573.8712593265881,0.0403854120330984,0.0403854120330984
148.87500119253156,1.501844386919822,477.13584357689825,1.735613216972612,1.735613216972612
138.60630954382725,2.3551962588141686,476.442249076458,6.0937936149561,6.0937936149561
24.877278650627026,1.968448615930042,707.5056722884642,0.0015495795345066782,0.0015495795345066782
59.9549891479309,1.5776567636522176,506.235039322944,0.09256118962828679,0.09256118962828679
61.59346338585285,1.9029127445996519,706.8933576636891,0.05703484044505759,0.05703484044505759
140.94069384777112,2.177783631643739,482.35492430663976,4.673923736397384,4.673923736397384
23.547896795785547,2.4497416107033203,528.6745474805238,0.00669688170294836,0.00669688170294836
38.73954475722329,1.5645352050945027,586.1947889758798,0.008545483567983932,0.008545483567983932
163.9848953671741,2.363418126555214,777.2783398773803,5.557911232953956,5.557911232953956
52.13803916978005,2.421164937000988,772.6925699015299,0.0365477571769123,0.0365477571769123
137.49429941333744,2.399704653438479,482.74875016891514,6.2343039822173285,6.2343039822173285
62.87290058841077,2.062497228234292,543.2876164972291,0.24162206036634348,0.24162206036634348
37.89945069668213,2.055784785321649,459.7597553815089,0.05725980112507792,0.05725980112507792
63.77099437990174,1.7838527598205873,603.9940317253988,0.10019544383765999,0.10019544383765999
150.00804773401865,2.2028774587645454,584.2330202778667,4.019234675281194,4.019234675281194
174.02536425913144,1.9375528220211184,760.304064980293,3.18150877399202,3.18150877399202
169.4395756220585,2.1129256854739533,772.0021511164291,4.516592320517651,4.516592320517651
91.49303533132186,1.8141494846185546,553.4269564029169,0.627276902729211,0.627276902729211
140.2553245827163,2.1777957568517667,596.6951772075957,4.694400163079167,4.694400163079167
56.89717317484777,2.289365821125459,758.4944996584533,0.050612371610624055,0.050612371610624055
72.76659144698239,1.4757235079233795,722.6831230980246,0.03399270579828924,0.03399270579828924
181.34044733380156,2.2995156586890735,401.46252453785974,1.9686807678373106,1.9686807678373106
22.340346231932486,1.9483558381483688,528.0238256734331,0.0031800603857550422,0.0031800603857550422
35.39153555380425,2.3135990909082693,568.7096967744503,0.023704434869564365,0.023704434869564365
57.41952592628492,1.8175620476092176,491.88651347329267,0.16245335781396225,0.16245335781396225
24.775796697287547,1.754848582459642,479.8286463583755,0.0050791437786976215,0.0050791437786976215
52.658378316163514,2.398072879020667,415.11380263827186,0.5485631175389017,0.5485631175389017
124.94748097454459,1.6014031210580817,657.3478900279042,0.5599352452983084,0.5599352452983084
95.85641910664962,2.313054790343372,505.00411619326627,3.837624008052291,3.837624008052291
180.68090799385547,1.8808246870112848,420.9388713725252,4.0073408601552085,4.0073408601552085
167.13984111291936,1.9169145310615117,492.39172421122544,5.153500512807164,5.153500512807164
81.52712330561768,1.6701619377873809,720.7655811344506,0.10092510551816943,0.10092510551816943
66.69621801763265,1.9876506407428187,740.5956726586187,0.07511522660181119,0.07511522660181119
88.34463347010804,1.6902534355314536,593.226498077321,0.31373524719340595,0.31373524719340595
126.2530896526654,1.347123297089983,566.4282681634745,0.29698308952566577,0.29698308952566577
68.25145534811773,1.6263983264132273,791.1414774007127,0.029976149409467284,0.029976149409467284
132.3468034128441,1.3076548520879088,480.225863835228,0.4051796139173428,0.4051796139173428
93.69409739442328,2.4740257444682276,486.14371314184336,6.325047727536309,6.325047727536309
119.36849255335645,2.458896651783697,516.7468708145599,4.320266693036907,4.320266693036907
98.502775244357,1.7741863569667662,469.10292731243493,1.283505371128258,1.283505371128258
73.00383671754518,2.174045025207575,551.7462392816747,0.4990136773443575,0.4990136773443575
190.7215952531882,1.71496731809251,764.3336907959015,2.0591461265180846,2.0591461265180846
157.44904294875695,2.105311788503171,646.1391362514297,4.453765581397879,4.453765581397879
45.22037163796146,2.266516051655175,564.7786194449054,0.06512991634530899,0.06512991634530899
176.3242356616243,2.436107493630689,773.7643178284859,4.439031888119764,4.439031888119764
107.73761568491246,1.7802547310196064,419.38569299032895,2.8917253727132435,2.8917253727132435
181.01940084093644,2.2399575795472573,484.11047116074457,3.3268267012097628,3.3268267012097628
163.97394607051675,1.6191141407585425,626.3554420407036,1.6843260968300768,1.6843260968300768
96.53843080446202,2.488398764552378,646.2210492772717,1.2915561418500903,1.2915561418500903
24.044475497621132,1.3309235185172215,415.82300262504526,0.001922250715205508,0.001922250715205508
68.36192468929029,2.0242345678013454,561.2155031628529,0.28248153359829786,0.28248153359829786
117.49415863895605,2.0914071779815924,659.6615859323491,1.4696698312321352,1.4696698312321352
134.0260795687065,2.125654668488955,679.2282185613606,2.6748446147806746,2.6748446147806746
66.41978337797642,1.4444650945469069,655.2559610065077,0.03075230528686996,0.03075230528686996
45.08409333310834,2.4262357401677566,528.2252897443698,0.09960909820761175,0.09960909820761175
170.28744262387383,1.5174199348600994,437.4080494391638,2.5698066358239418,2.5698066358239418
197.1923925266394,2.047304083887809,570.8449785677336,5.185931036348359,5.185931036348359
114.62423281448345,1.567211294947702,451.5017749472222,1.2109053569647674,1.2109053569647674
50.902271452694634,1.668659700425525,779.0494634082668,0.010852755053630933,0.010852755053630933
69.01531877348641,1.9557502500737494,590.0683464090513,0.2129236262869671,0.2129236262869671
23.31032177854401,1.8006321022774918,526.9036697427471,0.0029752633197124723,0.0029752633197124723
184.57378518088981,1.4922707211718076,706.52162844756,0.9574889927886558,0.9574889927886558
41.195194920225404,1.505123682905018,599.1794370329055,0.008254394598329069,0.008254394598329069
123.77296559256564,1.8017737457953595,524.01360960498,2.267292653455383,2.267292653455383
69.32993972369708,2.208739573930601,724.7870969563207,0.1302902112409716,0.1302902112409716
119.75204045284282,2.377557576217346,746.8608604004488,1.5464176775200018,1.5464176775200018
137.25566990333556,1.4009531947112595,669.2032665154708,0.3145497210835726,0.3145497210835726
169.35352466729628,1.7717246890712812,418.7857689630669,4.585958723503928,4.585958723503928
57.155828916908575,1.420294676467452,626.5291520666128,0.018274314704383385,0.018274314704383385
21.979249158526486,1.3199109767591175,705.3179647989127,0.00015364762806784288,0.00015364762806784288
44.63941341238531,2.094062419172748,454.60120483343286,0.126053513037233,0.126053513037233
182.00335553265893,2.0229393303599053,491.46830055384135,4.317592470622984,4.317592470622984
177.30021396125275,1.4956229365778635,752.9980420272545,0.7103504245181096,0.7103504245181096
127.5343583906555,1.580575399711677,408.0486887412296,2.3122307658838746,2.3122307658838746
128.0930348780576,1.328449304373422,701.0908551303904,0.14765655147745432,0.14765655147745432
139.706601418326,2.3019366468332843,589.5093170057692,4.380939526777096,4.380939526777096
51.56683015222093,2.4696287152582617,578.7088635358427,0.12454259496053488,0.12454259496053488
184.59415026649276,1.462551444153629,402.8386129979549,2.9902515421721225,2.9902515421721225
95.37869448057316,1.5777702565183578,727.759292386597,0.13770637240477238,0.13770637240477238
88.96493508490954,2.342091428736321,543.9299602546266,1.6052961845055933,1.6052961845055933
113.40518695091076,2.411756557547422,616.3062525202172,4.266633743302909,4.266633743302909
28.453874019509907,1.8035528593681724,670.9202745342639,0.0025223107666973005,0.0025223107666973005
49.931006376094295,1.360746966722889,681.0518305751664,0.005788626106991178,0.005788626106991178
152.84605095674667,1.3472702004313832,782.3920235304289,0.20369964718630468,0.20369964718630468
34.90376022652276,1.9887398392828124,612.5359812946436,0.011326883223478575,0.011326883223478575
128.56737970394988,1.771474130671815,559.887820389771,1.7985145173121935,1.7985145173121935
64.16283974263777,1.3343829130931855,781.4814505966831,0.007853796415354903,0.007853796415354903
90.07321052755577,1.9999028707750681,656.8440940102084,0.44248636731154306,0.44248636731154306
71.96487261872598,1.313563043906827,519.2601425106222,0.051683015302331735,0.051683015302331735
84.02108896369084,2.2448463497791273,450.58569816142847,2.7052178153405877,2.7052178153405877
149.42826293316418,1.667719387244046,737.0218005860725,0.839848073448637,0.839848073448637
73.4819088121715,1.3483096036110787,544.8726411176606,0.057585468678419786,0.057585468678419786
121.95283525344149,2.006022665179784,664.1878885457725,1.389432525702751,1.389432525702751
105.68907239583794,1.7772212973196657,588.3265677463593,0.7668783756213634,0.7668783756213634
139.46080976527668,2.468560496028579,479.5719119180153,4.081133252419355,4.081133252419355
188.62935307845643,1.9530383950044428,640.6746434481861,3.656642057395115,3.656642057395115
151.86297749784507,1.63028701724441,424.27322758027293,2.9794388553562072,2.9794388553562072
58.68926814633622,2.1513266375607696,565.3369839484769,0.1722592716745882,0.1722592716745882
25.61296431103124,1.6257904030512536,618.6459758654685,0.0015457996941876837,0.0015457996941876837
67.20752797396852,2.385091949689078,574.4187896474316,0.3787961915479917,0.3787961915479917
127.11402752604587,1.7496663646088517,699.4688701003963,0.7435561103773897,0.7435561103773897
29.256646427165062,1.9598422753314462,731.169981818125,0.002580294613769999,0.002580294613769999
109.34592449622254,1.3606877245890747,708.4972296132712,0.10079743573622153,0.10079743573622153
127.43171280504006,1.811345485542677,415.52517912472086,3.347347148127623,3.347347148127623
80.16390034705294,2.298836247593194,477.6515081783889,1.6853470767245797,1.6853470767245797
158.76419667424796,2.2667785664360105,614.6430037055097,3.992046684433945,3.992046684433945
39.187685564078926,1.5691822706242315,773.9288161775205,0.0029675299501928857,0.0029675299501928857
33.524800712445575,1.5712948852126751,733.9827100208468,0.001973248065223457,0.001973248065223457
151.0739761166486,2.280766374655884,737.0138033407206,5.34034084938941,5.34034084938941
109.18843691711572,2.4164781042031906,521.28327750387,5.485230833477085,5.485230833477085
143.9124313569925,1.4144331055276043,571.779158831481,0.5901652849659157,0.5901652849659157
98.26892094867432,1.8400703673114704,588.282378926375,0.6903468971742615,0.6903468971742615
64.35236598303922,1.7049451347570748,462.94863333996415,0.25070023304221006,0.25070023304221006
167.43841718135596,2.344826146548927,412.4272520977825,1.6070485403830495,1.6070485403830495
163.89485821441627,1.4002298976160226,778.7611597842067,0.33744150895866265,0.33744150895866265
145.04536475379683,1.5533511310696448,496.2850342654027,1.828826695670298,1.828826695670298
68.9861247013933,2.2029620051037933,495.9795614894525,0.6409460289574805,0.6409460289574805
126.24152003643567,1.3615526187774587,433.3516215075038,0.6706119856937431,0.6706119856937431
84.97530144920482,1.8910424568571471,771.4031007775114,0.14789131161603847,0.14789131161603847
36.484773198794144,1.8305284416156642,631.8948459759088,0.009258229698228178,0.009258229698228178
185.1164435832037,1.7012814147864983,666.8147428501416,2.732359376428524,2.732359376428524
44.62735356541305,1.7734867783827086,764.630754905221,0.008670318750626608,0.008670318750626608
191.04272368774443,1.9359287043162796,538.2480675603158,5.445723719071876,5.445723719071876
100.28103913243203,1.4936408300660597,648.6029244552336,0.1891025027635946,0.1891025027635946
53.32392719095154,1.9863950539403112,415.519781891555,0.3295859850776892,0.3295859850776892
117.54217052810446,2.2665187951599837,474.70901129245175,4.14217531317849,4.14217531317849
177.1302504577535,2.2121931157481907,732.498322035977,4.379113345712786,4.379113345712786
151.800479553721,1.4846798856325285,706.7073425353343,0.5245813495402536,0.5245813495402536
165.18100661506094,1.4790993636897687,540.2570765828588,1.4864863194211053,1.4864863194211053
138.58100600792912,1.621809241293896,550.7242511096849,1.469965751352709,1.469965751352709
144.60978161321344,1.7332896716092447,613.4217734214318,1.7495140114628576,1.7495140114628576
172.85521728175746,1.7901466976901792,400.0964018740538,4.08621949042569,4.08621949042569
64.94024159465347,2.1156366602000145,496.49773441521114,0.43740820443088446,0.43740820443088446
108.09649345576528,1.3680165185990025,483.2927234432858,0.33732854825411446,0.33732854825411446
59.817699527528404,1.3416072450712797,500.1931786999054,0.03527099555886918,0.03527099555886918
197.78024143939646,1.7702926755326909,722.3623370133765,3.1779826352506757,3.1779826352506757
189.9306811435904,2.1365964305655765,511.86954261857727,3.6941953156690106,3.6941953156690106
27.09682604633106,1.5321224115477792,476.6085288200593,0.0042144909104620066,0.0042144909104620066
147.00353105282392,2.0698053775075023,601.7053843172126,4.433233582685486,4.433233582685486
186.54469713481984,1.6117937655283594,746.2580145490928,1.3774947026355018,1.3774947026355018
52.50356212292004,2.36330333057622,496.53988153499995,0.23765881865569327,0.23765881865569327
122.2301414994733,2.37482793311994,431.4144971171195,6.452865139854,6.452865139854
184.78789356584753,1.6567446451375918,542.5618943398658,2.9242596823612996,2.9242596823612996
26.11027614544379,1.5759925047558887,699.0607298259911,0.0008917836930621232,0.0008917836930621232
145.53564810443117,1.7935647664794776,620.2762178779178,2.1365727252039854,2.1365727252039854
73.52282132705915,1.5886379022161785,726.717347829739,0.051100066201758554,0.051100066201758554
186.39131516777547,2.1068606119500446,783.8368590436936,4.6276451374877965,4.6276451374877965
194.79048412976618,2.291277621457943,717.0649907006468,4.176911206285596,4.176911206285596
189.9679680404181,2.1077105570934602,641.5212315375013,4.317922883872848,4.317922883872848
105.35855899834348,2.2892205366992195,597.3366352209522,2.1592305044974247,2.1592305044974247
175.16767717807642,1.7763905946489689,416.0276345393067,4.254685531027319,4.254685531027319
172.01889173631267,1.4875803648506332,793.7287915256165,0.5443725133018356,0.5443725133018356
77.43808518378601,2.1855411368771107,553.392449030017,0.6414887347850712,0.6414887347850712
169.2047853471219,1.7325694061698647,460.8912855667467,4.1932117679796335,4.1932117679796335
26.661374248788672,2.105524990274959,666.6835421585827,0.00311434316194507,0.00311434316194507
127.32857812676954,1.6247727303781188,513.7153156381837,1.406662370099616,1.406662370099616
61.40159071178655,1.3974755617680072,634.311308372419,0.020796750564326262,0.020796750564326262
41.70203943991019,2.491098154585316,634.7071631378365,0.03455831525195603,0.03455831525195603
33.85157629325765,1.4874418095167192,578.2919283611477,0.004067833164058912,0.004067833164058912
145.33197965806517,2.4861051927561775,734.447446218017,6.135051954646819,6.135051954646819
81.1774934782519,2.472735919079737,505.9868246221772,1.8448478725760735,1.8448478725760735
150.45801887517706,2.2525817246896476,579.4530366470937,3.980800768051177,3.980800768051177
31.764141343809627,2.091307554498397,615.0768514363886,0.008670892595646552,0.008670892595646552
76.75226080950986,1.9933684603013018,665.4498883069198,0.21391610967479147,0.21391610967479147
117.1084326275607,2.3393218544534014,713.5887402022358,1.6245683444589119,1.6245683444589119
162.33016967101344,1.6473274259433857,557.9229131513024,2.535921218555438,2.535921218555438
77.37545052777259,1.8612174549818525,658.4187776386384,0.18246919417344826,0.18246919417344826
132.66044775866163,2.0432679632398023,460.24438122740764,3.807367754624807,3.807367754624807
179.4759946825137,1.7934285710433893,773.0592402169914,2.038535155754113,2.038535155754113
130.85537387281482,1.8129837449083217,553.2235225684014,2.376710027433253,2.376710027433253
61.93270545565408,1.6963416010025014,691.8085687905754,0.04175808526096028,0.04175808526096028
24.392140680176844,1.9770781800214432,408.1364327528711,0.013539600201890595,0.013539600201890595
176.6177973021674,2.3206894336181394,482.0748571619228,3.2975848277144957,3.2975848277144957
23.828493953069685,1.5418340536075754,594.8330177294312,0.001066023566598281,0.001066023566598281
177.4463010831559,2.42131964650413,751.3009870929386,4.239650885370749,4.239650885370749
115.20868412489816,2.1269051844978755,610.9020599802709,2.080125277590187,2.080125277590187
189.03218573232132,2.2879278552160365,771.9481929175516,4.180915095104872,4.180915095104872
163.78098243925976,1.967428831156014,593.5187586331185,3.7577314751968975,3.7577314751968975
199.62813989600073,2.2354200417088763,596.17963869438,4.131675759676786,4.131675759676786
83.12812678130783,1.3194404768073607,447.8987154002127,0.1466907580643093,0.1466907580643093
158.09389200760285,2.282056509735442,721.0624976608879,5.255878818978537,5.255878818978537
92.3475644496636,1.3481666309024398,498.786164986825,0.17335490968097997,0.17335490968097997
106.37761165470359,2.367896051635435,759.8449957489261,0.8179324757227706,0.8179324757227706
132.95098337930662,2.490355296686372,764.3296881321585,3.479089714205508,3.479089714205508
177.26188055354098,1.6528809546121335,777.3240447496598,1.1631213631615034,1.1631213631615034
197.13502445587312,1.5523822675429524,608.092195641236,2.2255311780005167,2.2255311780005167
158.28921449561327,2.2184360366296487,670.8375139134578,4.588013023208985,4.588013023208985
95.19802079012008,1.603631609104304,711.4063520246655,0.16208335185363448,0.16208335185363448
95.84426040987263,2.3386748598066442,452.40584746018624,5.556786401991993,5.556786401991993
152.76481428600047,1.4234111105889722,640.3828779989989,0.5327473638887311,0.5327473638887311
62.97988623829442,1.45114623565523,413.7191605213247,0.14977009707030828,0.14977009707030828
39.88534036365104,2.474981866120739,599.0264333554903,0.036094379115145146,0.036094379115145146
83.83198837533978,2.108606677924006,461.937072648091,1.653532019551325,1.653532019551325
71.70301849773472,2.3162646693147435,473.1691703848339,1.0815082229119781,1.0815082229119781
73.33546168207822,1.6891952528218217,546.0190266770406,0.21034102819825914,0.21034102819825914
62.04939518898379,2.111780499424725,572.9748666866012,0.19568682312076197,0.19568682312076197
27.57677413454514,2.0130901927703166,649.268969812875,0.003539655142133098,0.003539655142133098
23.217308252014487,2.0237801441475365,429.77136737540627,0.009559800203606887,0.009559800203606887
197.79003015248568,2.119038951445266,601.4767044949779,5.507947378327655,5.507947378327655
96.99916407245522,1.9904310077549183,473.05005210124045,2.1771000022793685,2.1771000022793685
89.1787964887427,1.8148748431631991,629.5900700126967,0.3513441567500537,0.3513441567500537
142.33651088475256,1.6311072332566563,654.9618449044734,0.9263330364345544,0.9263330364345544
59.28569981571155,2.2222975970958423,622.6837026211415,0.12973593019930957,0.12973593019930957
190.99301311104057,1.5715269160038234,695.318204191323,1.6292906852906213,1.6292906852906213
161.54210259479936,2.130825167385297,534.2436976963605,5.085731632548736,5.085731632548736
36.09398041620671,1.579999387179192,706.0426366532524,0.0031831609693093593,0.0031831609693093593
95.1645396412871,2.0503962039453447,573.1068326832775,1.027514288452121,1.027514288452121
178.24129536118966,2.196493920554835,593.6737993290387,5.853423691893732,5.853423691893732
190.05176401245384,1.562456666687847,659.2408509044285,1.827779900465995,1.827779900465995
104.13227202497654,1.37193196103357,407.3433535996896,0.49168936199745744,0.49168936199745744
130.4140500579274,1.457168491593009,661.5976885680993,0.363898640022609,0.363898640022609
50.06611029657354,2.0271963607252306,647.4340596288462,0.042147791036989055,0.042147791036989055
198.41035270465576,2.3193356874708826,523.938846701312,4.3133600312734055,4.3133600312734055
61.70090624901981,1.3539961854825093,434.3177139597958,0.0720336008875277,0.0720336008875277
189.69171934432262,2.1809815108499757,436.37417996521646,2.4113737433923155,2.4113737433923155
136.93639681862632,1.7095823751400625,769.2894987940915,0.6243672479619564,0.6243672479619564
129.39262307819465,1.874234043903427,675.7117284903348,1.2048612480889358,1.2048612480889358
112.28393198297155,2.4146314598146787,450.84104550829613,4.075919580690267,4.075919580690267
61.520566109196565,1.6983658056830147,542.6892677235626,0.10956826002488922,0.10956826002488922
51.77504576099149,1.8584043207273833,636.9931975606386,0.03953431804368141,0.03953431804368141
59.68751763263156,1.3164188977128173,734.2286820362594,0.0068032568967533215,0.0068032568967533215
53.558887185965816,1.397918464005806,417.4643714852034,0.062036781728861796,0.062036781728861796
160.32520524201558,1.6103099093617408,494.6532525880035,2.5777692761514874,2.5777692761514874
83.02254665001142,1.3334226889852894,755.899596118152,0.024292569194531603,0.024292569194531603
30.411681781411346,2.0576503912579014,403.6662200735266,0.03942615489957964,0.03942615489957964
194.43847342534605,1.8116780281619471,480.559641117555,4.465763061600397,4.465763061600397
179.08145929341663,1.9577742432736265,783.6096703891864,3.378425615690057,3.378425615690057
186.99541097513833,1.5095766230755956,645.3607386088685,1.4647826942399278,1.4647826942399278
199.08340807635835,1.6551184353239394,504.6685466550026,4.108845507857833,4.108845507857833
51.301144859507716,2.09658936982327,426.79643775833904,0.2981590073649173,0.2981590073649173
91.32356340247857,2.4583632683564796,411.2765361788889,4.602496524009286,4.602496524009286
156.48292562673643,1.360500128322651,497.8980318547709,0.8382132070696415,0.8382132070696415
145.2837112496826,2.3684611850263195,752.5943278355642,5.171857540553017,5.171857540553017
47.70126314117391,1.9922574415734502,566.3654617190039,0.057181660482656424,0.057181660482656424
166.84996249831119,1.9767034801067485,688.1333476663972,4.134625176454097,4.134625176454097
60.39930293059892,1.9003342422493126,767.3140141519831,0.03728521551372229,0.03728521551372229
60.28717066807216,1.3832729030850202,563.2161846411266,0.028759170601000385,0.028759170601000385
116.65539612081444,1.407852222083393,476.5109484149588,0.5292325882065719,0.5292325882065719
126.72918827150657,2.0210944067909034,606.8471723427679,2.6446940200885445,2.6446940200885445
124.41551741080602,1.70915028572267,763.2334748239418,0.46005173467191207,0.46005173467191207
36.467630731595875,2.4007216798932167,721.7497656550802,0.010807027789569854,0.010807027789569854
177.94295527346847,1.7879086448313668,426.3319373452615,4.283887094115743,4.283887094115743
67.8080076659671,1.4719377504431694,677.0291200310328,0.032794826021977995,0.032794826021977995
43.312685830904755,2.1576626002024435,628.7590089835815,0.030761398895795242,0.030761398895795242
179.97465437641588,1.6520241057292118,762.9852705385701,1.3039029358574676,1.3039029358574676
192.0172696813556,1.930564368827072,448.9925667401189,4.119883003441837,4.119883003441837
175.1829711077811,2.137399342606204,613.6144452818626,4.031926808869187,4.031926808869187
165.71289345047805,2.3803169334424847,751.785077404757,4.902608139670694,4.902608139670694
137.94355651502391,2.250629433762011,564.0095146966972,4.2340886905137145,4.2340886905137145
119.15432670964508,2.111633281447269,592.7979670931468,2.8586344898777183,2.8586344898777183
35.65761678405383,2.115559818874172,428.1842710667833,0.06465295853658005,0.06465295853658005
93.52157835272577,2.435109572838504,511.2574561795643,4.418504577465798,4.418504577465798
87.08393306221652,1.6549889169958432,529.802659667579,0.4072884116795189,0.4072884116795189
66.7556810768587,1.301334513035425,778.0489794979547,0.007660185872192478,0.007660185872192478
150.2156204639453,1.6263454712778385,513.0669442164636,2.405260703510235,2.405260703510235
109.25763231417875,1.5614696555520928,584.3474941078608,0.4646878915080216,0.4646878915080216
34.58831886337663,2.094201502136798,668.5217694257119,0.008767814565088607,0.008767814565088607
59.63297635096604,2.060453919718635,464.873348963151,0.3710821708218772,0.3710821708218772
142.98657745872725,2.0121536592456684,594.5769548567498,4.323181250544673,4.323181250544673
33.70355470825403,1.3194921318513444,695.4156157903631,0.0008922267722868405,0.0008922267722868405
173.21724452877837,2.174533665340777,746.7420852108264,4.817729335820526,4.817729335820526
109.12637486251538,1.6882364949825899,650.5037098649707,0.4809474411830126,0.4809474411830126
106.50558391879665,2.0980671868079575,667.6214061267792,0.95516982734783,0.95516982734783
126.63340123871316,1.967894114202584,450.5133890338276,3.706301445276898,3.706301445276898
168.44257386652686,1.7112771105134885,778.3105988985388,1.1803459509402972,1.1803459509402972
82.60565742239476,1.4614915205249293,453.0296309937929,0.2910081965864857,0.2910081965864857
142.04290746063145,1.4133026771925772,709.8691748727193,0.31095704989378437,0.31095704989378437
121.8317535192424,2.2978219997346683,505.92652871132753,4.271465540228987,4.271465540228987
68.06508863049584,2.4020770504978697,773.4372574805006,0.11120936532443082,0.11120936532443082
178.15339754392843,2.0797456561171597,687.9838157477918,4.051203694240854,4.051203694240854
163.53668388924706,1.42412093783258,701.5254851913476,0.5022504524395577,0.5022504524395577
138.52133023851658,1.7824326602658889,487.62366922395336,3.2947585712299206,3.2947585712299206
173.10471123696354,2.1747270401261884,577.2159906540643,5.474495359756141,5.474495359756141
176.11295617276443,2.2357850608120815,647.1252778357145,4.019276329573285,4.019276329573285
147.50533580870626,1.4418623467493064,707.9894472826404,0.39985854774412527,0.39985854774412527
170.66239910546096,1.300036862614459,441.58375036495585,0.9527928093085174,0.9527928093085174
145.54486310047105,2.1545644550567262,784.9461265818113,2.043197517591555,2.043197517591555
142.42533891685406,1.7279154111834467,756.0882682218223,0.7899480862515497,0.7899480862515497
131.35004807873318,1.6053775979419123,508.13943619823374,1.517234613217279,1.517234613217279
155.48899512037542,1.3154769637474306,729.1040972129329,0.21662510375914668,0.21662510375914668
48.54891895275327,1.9483592881137997,607.3295692159294,0.043002715433321306,0.043002715433321306
178.55673665580713,2.3213808825111784,584.7225926248075,4.851281603621682,4.851281603621682
176.93183499414175,2.449157975527106,525.7736423245622,3.274054253718176,3.274054253718176
25.264510946220646,1.9788939407359472,632.387434652637,0.0026349272427672807,0.0026349272427672807
168.64701510165727,1.917353593287873,691.9556470814391,3.704323038616685,3.704323038616685
43.196576145220135,1.4020676625870894,564.3731619851033,0.008393164265833288,0.008393164265833288
80.32139376664554,1.9586473618511198,651.6876772033169,0.26595024638776044,0.26595024638776044
153.8314861324894,1.7559748947584737,679.7251684621215,1.6062480601442892,1.6062480601442892
48.93678128869548,2.0285623370602925,684.4487268061143,0.030490188398697007,0.030490188398697007
167.2340643414312,1.766471617451856,420.7864392524721,4.725818691965267,4.725818691965267
169.78415203239354,1.58835894814044,743.8991222740267,0.928834337655164,0.928834337655164
111.34419207695052,1.413958330274052,583.3013259060192,0.27048093070072193,0.27048093070072193
21.149456909030043,1.6779021335066748,504.9664326784858,0.0018423119014856144,0.0018423119014856144
71.6668639714843,1.4159738011453027,496.70580299187264,0.10495841338785335,0.10495841338785335
131.0468453076336,1.5122763409887807,593.2056451375802,0.6345469478208006,0.6345469478208006
196.61351204493621,2.484803390295455,754.7326157875837,4.676131630792333,4.676131630792333
133.7264348630003,1.8329242682879423,551.3390326730588,2.836157020080263,2.836157020080263
66.76464459154877,1.93824611980602,699.8902987134173,0.08827246745329458,0.08827246745329458
134.12102655793004,2.3483422344846585,438.72749239488746,4.456445413469091,4.456445413469091
117.19736834885398,2.4946826805888254,590.4226808604247,6.0550187900175905,6.0550187900175905
160.37217112720586,1.9992573392136177,796.6744561570943,2.0391272673937166,2.0391272673937166
39.256514988852516,2.274968585253006,708.1751211169349,0.014155511507673512,0.014155511507673512
156.98502245036505,1.6923292292040104,484.2113953762452,2.9785554045815004,2.9785554045815004
117.42798416169985,1.6668927489367493,600.5765894791643,0.7488118492289142,0.7488118492289142
193.33856069461905,1.7832444651934722,493.44990545942665,4.819092178262946,4.819092178262946
81.5369898869635,2.107008715208379,563.8243709050037,0.6537896930516545,0.6537896930516545
133.87194076411066,2.1186300271061187,712.033609493986,2.004452464574957,2.004452464574957
187.76505899180313,1.678287321579341,708.4899261161615,2.233350502223247,2.233350502223247
38.451751038322264,1.4598519089639546,491.24015116095404,0.011728726008475104,0.011728726008475104
188.7011277025612,2.0588755077586103,768.8893272619441,4.398119295210888,4.398119295210888
143.8194300141464,1.4539910346265175,637.0272731059307,0.5282543421188229,0.5282543421188229
32.21067063893094,1.994191009875196,551.9697163848058,0.012584524438693867,0.012584524438693867
74.17344205042693,2.1321065536675707,600.7742323123442,0.3512721215903031,0.3512721215903031
147.47097595615068,2.140733795673342,642.0285013750974,4.866069052502748,4.866069052502748
32.12310826437891,2.204166532791516,623.9562127383142,0.00972749317996195,0.00972749317996195
124.79068283172919,2.3474313058787972,594.5620142144712,5.6498624508729165,5.6498624508729165
82.25895025153221,1.8999507903577462,601.97312163576,0.36358613087750835,0.36358613087750835
131.76479319814587,2.176299027435485,470.5647641711545,4.022845416823698,4.022845416823698
28.233566086252313,2.043007282439004,725.0931617218718,0.0025885984055583284,0.0025885984055583284
176.87662510742774,1.5239679277572191,616.7041279764062,1.5167742911928566,1.5167742911928566
195.22801445193144,1.3308275738432898,452.43194468188125,1.4166788296081123,1.4166788296081123
194.39801395142447,1.6414496628123205,706.4628406331112,2.185941182692419,2.185941182692419
154.93732971372646,1.8316404476051433,772.9775913509403,1.2744703147294354,1.2744703147294354
43.41552322351376,2.0405271333143875,778.9227596947849,0.011109907080951704,0.011109907080951704
156.48737526722405,2.3199511966038466,547.6070929644691,6.031168956184019,6.031168956184019
24.425644962584272,1.5354948600473988,454.2067494243016,0.0034072437621481635,0.0034072437621481635
23.982239275219506,1.4506597478781726,607.3598506532261,0.000732604567824942,0.000732604567824942
78.24983944691743,2.456175936969193,445.04369173968826,3.401431735092071,3.401431735092071
107.95577427283983,1.4296534712516886,773.5949674050469,0.09886902571499058,0.09886902571499058
158.67333520540276,1.8741892841286272,473.4318509420584,4.3704607191621285,4.3704607191621285
142.99316778917094,2.0026764745519623,501.1063439804656,3.7243992068139073,3.7243992068139073
100.2624871478147,1.949649305088926,562.6546107539882,1.100497388267282,1.100497388267282
69.25279993069987,1.403238588439532,553.2657874236503,0.05796683998885,0.05796683998885
199.48241002838802,1.3684322968043432,717.8651569591557,0.6080451028234971,0.6080451028234971
96.71263440247513,1.426580112953243,582.5267282203849,0.18199316910423968,0.18199316910423968
101.24966437934158,2.002705220647135,468.3073040013347,3.0032733702727263,3.0032733702727263
49.45228781450045,1.9532138651611852,506.8839581944296,0.09939206456656115,0.09939206456656115
163.0657187749873,1.580488950444093,603.6453540750088,1.5989926688151979,1.5989926688151979
144.86280064066796,2.06532897021471,458.98156697045397,5.441551612601626,5.441551612601626
59.73853030197687,2.2840810024667793,644.6622702584057,0.12366521781576191,0.12366521781576191
34.828588210851684,1.3498947518159126,626.2989226204584,0.0018243458295168532,0.0018243458295168532
142.48987437344834,1.897755932257651,685.880926552903,1.7571760735209099,1.7571760735209099
137.81201857060432,2.1271724945232284,775.0818461517471,1.5704271229089433,1.5704271229089433
69.18671485967768,1.6027743124836245,764.9018244404623,0.03394811498359883,0.03394811498359883
191.15544120507386,1.669325086351779,778.4302472275326,1.6180734520809277,1.6180734520809277
47.19042052056204,2.0363654835872604,497.88623880948035,0.10010910205231166,0.10010910205231166
97.82026418766834,2.377522352132484,452.6261226557418,5.1719151839722,5.1719151839722
189.8508656301678,2.2719093043634793,520.9106801985794,3.2687042441069085,3.2687042441069085
95.55091704670201,1.9997562629195003,758.0340691065259,0.313003466160555,0.313003466160555
134.9346705795354,2.176266061308699,788.8213898493952,1.4598548644672633,1.4598548644672633
91.56699163330298,1.7377869642493584,743.7299804281904,0.16847169291446726,0.16847169291446726
69.35873642276061,2.0691586337185095,444.00708845101747,0.8371652788868922,0.8371652788868922
197.11597663276908,1.8594179093530685,778.9711992239172,3.4765667690365047,3.4765667690365047
93.68012113670774,1.527923363749073,569.3432109403144,0.2690722308857774,0.2690722308857774
180.9378566622442,2.1420859286527087,403.72411630494145,2.5976180502348596,2.5976180502348596
61.391829060395516,1.9677575648185863,576.9574962992774,0.14636737376688572,0.14636737376688572
58.358846724515,1.7303458983443096,418.42766787018707,0.2710637462957608,0.2710637462957608
25.604134919212044,2.393607028094357,617.5511684644471,0.004780898407026212,0.004780898407026212
137.3000285676593,1.32512094139208,535.4216109748205,0.37577748271322525,0.37577748271322525
86.334741870277,1.6789277814993953,589.3739734376195,0.285798921725367,0.285798921725367
175.58448497113466,1.3682576773331758,645.2681442972469,0.5719670108419825,0.5719670108419825
105.17778320448029,2.2198327794659525,747.5204383271281,0.6886754423395824,0.6886754423395824
194.2748170246499,2.142528944936551,664.7606305887714,4.353893599741357,4.353893599741357
53.394592826561805,1.6976226624835804,573.6195473912722,0.0491045477351111,0.0491045477351111
176.35217023200994,2.110795482648488,727.771141468146,4.493877118781049,4.493877118781049
159.78743350251352,1.7751246714351399,762.232855029253,1.2794028505145216,1.2794028505145216
158.76593203592935,2.207504549706921,447.90398657287886,3.772117357774472,3.772117357774472
172.06098106103977,1.8450203952840472,612.7731910211166,3.5228552306016607,3.5228552306016607
156.9843183697398,1.7947356733979987,513.8047838969776,3.2979479894314747,3.2979479894314747
132.71965789365476,2.421675898585961,418.824479150779,3.657119176893676,3.657119176893676
43.62407798282976,1.6010549198688402,667.4186780455941,0.009096561861475241,0.009096561861475241
25.854712308425345,1.4445368079958785,745.1083109836902,0.0004264424062954507,0.0004264424062954507
185.75261260682365,2.00145173591135,465.1610617909576,3.77814637423339,3.77814637423339
130.99705661373287,2.463186174741015,724.9654630495602,4.4108561571429235,4.4108561571429235
163.37671237571175,1.753407056472624,741.3582934147767,1.4369028462992517,1.4369028462992517
106.674023272259,1.3744441163545378,765.7361770665934,0.07492737993576808,0.07492737993576808
41.11547401323101,1.707166320771481,506.114035634421,0.028844864241665776,0.028844864241665776
42.53344259645908,1.9071179851834703,761.5812260759558,0.0092198281951992,0.0092198281951992
143.40175170121483,1.4943076079586566,528.2651018945729,1.0964450523539908,1.0964450523539908
97.45506108190328,2.0897226616677904,620.9352053822012,0.8829652378315258,0.8829652378315258
56.09445080606061,2.4972992668122407,420.20298833291287,0.7684658554142199,0.7684658554142199
108.48701841345864,1.8420873711777326,417.55243534749746,3.48131328885004,3.48131328885004
31.557608673524136,1.7256742680762551,688.1492850928812,0.0029569239377544186,0.0029569239377544186
124.75485234459178,1.78084500020136,577.7919911911164,1.4495826545153587,1.4495826545153587
68.41881279831759,1.4381754140742413,502.516950147687,0.09368908450270261,0.09368908450270261
163.56063811469386,2.3599283217114686,476.1653984099641,3.440238362101626,3.440238362101626
75.86515260624327,1.7977907866256224,667.9813963436873,0.13923186298053558,0.13923186298053558
101.93962683472421,1.7647292937098096,400.16061761013594,2.675874165128938,2.675874165128938
22.091697183458116,2.0916283275165695,722.3564676787416,0.0010358286311050215,0.0010358286311050215
33.0404398030206,1.8304401051173482,431.6998424519715,0.02930345535801505,0.02930345535801505
90.64884015320327,2.077880162569415,476.59584596324777,1.9140954489599438,1.9140954489599438
106.38899024908223,1.373735548156945,554.4945581196358,0.2236586063417676,0.2236586063417676
128.0036986614747,2.276468012466673,593.9434958864415,5.424560087032213,5.424560087032213
72.49926416767458,2.428604743455283,541.9980463255768,0.7182603133173959,0.7182603133173959
145.09673950277767,2.078518463391263,528.2848659937175,3.8288173619821024,3.8288173619821024
174.82203149405683,2.445479114630573,785.5664048292754,4.61261357299522,4.61261357299522
160.37317800080297,1.481718777243956,656.6318724973577,0.7435035033707514,0.7435035033707514
27.131388562704288,1.8728994273764243,409.3731821469553,0.017529493022832396,0.017529493022832396
106.49125050640922,2.0221680807345366,572.0703633777252,1.522345108396702,1.522345108396702
38.88743211527148,1.998083976905424,750.003479897588,0.0078043497747851505,0.0078043497747851505
63.56810285525494,1.781754134906852,520.5824745642672,0.18053041618250057,0.18053041618250057
197.59926678808637,1.7057012912395138,437.8225379097553,4.070401380212125,4.070401380212125
45.649197722272376,1.4521888270605026,703.3539086359672,0.005383108039350052,0.005383108039350052
109.79986762124409,1.7700909406747338,642.4055327744325,0.6354672151607618,0.6354672151607618
131.26803217726143,1.4951929781265823,628.1250031306015,0.5064355161768529,0.5064355161768529
146.44369469793872,2.1812388117906623,421.4306238429632,4.076981373966131,4.076981373966131
120.73676302764454,1.550597122593508,456.19960391820695,1.3032402389760807,1.3032402389760807
21.75875253545306,1.3702783663414406,649.0197584852456,0.0002684726404507924,0.0002684726404507924
78.76303548391854,1.962839365380681,483.12953658353433,0.8139709844361738,0.8139709844361738
113.18809580924805,2.014275679263282,601.6280318993697,1.5626057563140638,1.5626057563140638
35.815969846070004,2.3462956735366065,617.9526744117574,0.018179258990003926,0.018179258990003926
83.11284761765253,1.9923779349012183,513.4028761083757,0.8382883968832013,0.8382883968832013
25.97655958244598,1.7145770244681349,779.3700622165971,0.0007986891230198934,0.0007986891230198934
34.14412948790373,2.2636142578315845,736.98564273423,0.006705332309481039,0.006705332309481039
91.4461897162873,1.9483346718249053,688.9494030531193,0.35399129204971297,0.35399129204971297
43.88883572775086,1.39513634155743,431.19754656376364,0.0250412482266653,0.0250412482266653
122.15735268708046,1.979020672375896,442.4520077236078,3.7634818977678015,3.7634818977678015
144.10369444470783,2.389622254505995,597.1125383459823,4.1644622795652895,4.1644622795652895
164.1056058396349,1.7755751505978647,464.2853396763943,4.142892376390805,4.142892376390805
56.02704396406582,1.65559096227976,791.3061854117896,0.014543644334145239,0.014543644334145239
50.14686480663256,1.472163348421624,463.40809361096376,0.04455068176336712,0.04455068176336712
38.82221126019205,1.481734626322429,594.9871341855896,0.006155174868261701,0.006155174868261701
134.5574449178546,1.8193257812101828,545.6484227366021,2.8802782018325015,2.8802782018325015
147.1656307676422,2.0148157889938356,655.7545685816392,3.74666588845005,3.74666588845005
25.685506068615567,1.3967384862035221,451.61456355576996,0.0025102090390319333,0.0025102090390319333
188.51820432386415,2.427482306830199,572.1265712169563,3.5792037674019026,3.5792037674019026
29.354831057265034,2.206160340934235,509.8820131228575,0.015435458660847022,0.015435458660847022
117.43334035419268,2.003948701940395,755.1006098686753,0.7343304333667926,0.7343304333667926
147.63089350116496,2.294126405126789,416.234284853878,3.399111579364227,3.399111579364227
176.7744422742954,1.396224108174536,765.4909976025838,0.4266817736543384,0.4266817736543384
148.535647783837,1.8722066532797492,733.1976554212001,1.4763564352450522,1.4763564352450522
164.31105495256253,2.056111752233996,519.0282865763262,5.3941741297315104,5.3941741297315104
81.1010346577051,2.294383487341947,715.7162618708419,0.2983396382417726,0.2983396382417726
166.6685204743722,2.2401634720591215,412.48542413549904,2.6249243772036985,2.6249243772036985
34.42067234924153,1.6324830996560795,786.7462201173574,0.001963682345054052,0.001963682345054052
181.06699809089497,2.4290562034710454,610.6379770359157,4.13185197559221,4.13185197559221
118.56662770767252,1.4492150097170444,521.3124104261781,0.5276581552681059,0.5276581552681059
167.11359859324887,2.3501603423453825,545.0332850378709,4.370468946084109,4.370468946084109
101.41729121329402,2.465128299525542,426.5621413841989,4.182970628105071,4.182970628105071
135.8439851353745,1.5125842278671506,795.7398056168156,0.2882382503057171,0.2882382503057171
114.75247896850038,2.1664792770445422,415.71677806027697,3.93108186529775,3.93108186529775
151.68611391595974,1.3483426225335982,661.9628492591437,0.32218669315224985,0.32218669315224985
34.69339676550612,1.786507390166986,577.0943710825834,0.010035771927926058,0.010035771927926058
30.863375118301484,1.9195399590372089,779.566487275486,0.0023269292614700524,0.0023269292614700524
64.47858212182636,1.996774271091561,498.3998961227181,0.34677804629057346,0.34677804629057346
48.718042420373905,2.4231246978982712,612.8347295752045,0.0732727115921542,0.0732727115921542
176.9210419865963,2.106700824753034,592.9424834331012,4.451807421604121,4.451807421604121
59.45851772444798,1.8775335414630843,681.1465776200405,0.05495985063969069,0.05495985063969069
195.65574604744364,2.2716100435190674,427.2040927809682,1.9476092203142585,1.9476092203142585
80.64124251879923,2.4406393851452908,477.5156520093419,2.3812068442431586,2.3812068442431586
52.78122482396587,1.326479378418749,485.82592803713993,0.02236350188621081,0.02236350188621081
162.14573128564624,2.4790255267072467,695.2603019366759,4.253883736576316,4.253883736576316
138.56739959015772,1.4033585668764164,475.65547853069603,0.8582537301979973,0.8582537301979973
109.67522896156501,2.277264135122514,629.3967055563907,1.961000615374618,1.961000615374618
119.96543916877363,1.636401703061695,486.0975282003815,1.449672595308282,1.449672595308282
149.45632008900748,1.4586155893046462,744.6499800335914,0.38640671407469457,0.38640671407469457
61.12185343963377,1.8278267676566018,776.8741817958554,0.0326592010970557,0.0326592010970557
199.34010489021355,2.072747895337136,607.3971899768962,5.88165154623635,5.88165154623635
195.46276918642096,1.75714221402817,540.9235536836713,4.259060766585962,4.259060766585962
137.05862354244863,1.3654784899392387,493.62311000699964,0.5961492669090905,0.5961492669090905
55.917641167246124,2.01935336759046,419.9124006092175,0.40556287505766564,0.40556287505766564
142.44108363763243,2.3828839313328096,507.40003047899813,6.345874701214252,6.345874701214252
32.99571361625165,1.759858439136702,661.6943119781272,0.004456334477842978,0.004456334477842978
25.517450397045092,1.5595993331569924,613.4467725236843,0.0013091833136647708,0.0013091833136647708
66.38291993201847,1.8310928151193786,777.6165113123709,0.04598602427843379,0.04598602427843379
103.27213221307693,1.3580352532585371,558.5109049966802,0.1826995539114678,0.1826995539114678
176.2890509735085,2.28458510137633,677.5453369313578,3.9920789400370795,3.9920789400370795
150.89043255793544,2.291608973140224,595.7290989900486,4.035612227677071,4.035612227677071
153.68717381599657,2.005600556115554,605.0304863696847,4.161020233300485,4.161020233300485
96.58880020065357,1.7237234667260675,507.109725841647,0.8094752883191974,0.8094752883191974
82.26829865845332,2.25974003733494,581.9803107367999,0.7416499249010022,0.7416499249010022
86.78697733722849,1.9656244297460406,588.313998805083,0.5576102080597957,0.5576102080597957
197.77692147249041,2.2911187702600193,682.6570086995736,6.081214110808383,6.081214110808383
27.219654454246847,2.057750551099625,776.2559996744455,0.0017264491370865835,0.0017264491370865835
176.06566930204073,2.2412865678553566,531.7285109930017,4.211371368116058,4.211371368116058
124.16157354303081,2.018275591861312,416.8801874325194,3.888731474234381,3.888731474234381
98.95077545412629,1.7969692818587994,598.5180502002559,0.602795397343173,0.602795397343173
150.54637887472458,2.449535031911365,617.7845328596675,4.1148716918318415,4.1148716918318415
107.60040945644651,1.9493365898546138,467.3762204527661,3.3904095845992606,3.3904095845992606
177.2161828546989,2.026107422248646,704.1858425104267,4.229474071048821,4.229474071048821
182.12633552202652,1.5645851672976991,793.9716433765966,0.8641729610487258,0.8641729610487258
95.90976683722198,2.050780947312732,778.3098868033844,0.30910359340318033,0.30910359340318033
69.82900350230929,1.9859291793795326,478.8424155294609,0.552740734514029,0.552740734514029
126.6230591468052,1.52180607753643,750.1452959603043,0.28726593620358104,0.28726593620358104
184.22540221100436,1.3715045168237725,681.7974545646739,0.571319794175398,0.571319794175398
57.91919402101998,2.0252311836577253,581.5386255227646,0.12132666565076758,0.12132666565076758
132.1339850414269,2.216430723220385,616.2443977298916,5.215375134693558,5.215375134693558
133.6808396166537,1.9280816451064098,739.8400699929832,1.1056968707884778,1.1056968707884778
151.96034403475056,1.572127150383575,592.0539758553493,1.2847232524713854,1.2847232524713854
43.682183322906766,2.099826372031642,549.2829476420508,0.05222669567132692,0.05222669567132692
148.84849364277594,1.3961268719315227,597.2989972103943,0.522915124403838,0.522915124403838
183.62585371981538,1.8302004457623455,631.6519216140197,3.4264346972441126,3.4264346972441126
52.34295959664355,1.4960401100781042,475.63106151133957,0.052203053728502154,0.052203053728502154
62.75779848629797,1.52135086127186,760.3630921067963,0.018169471523290116,0.018169471523290116
194.85111692749513,1.5427527389898443,669.6747795318456,1.7255182117169936,1.7255182117169936
52.57585148770816,1.7640484684527735,653.3075669349955,0.03151959927101842,0.03151959927101842
173.78931680652425,1.361380246744477,439.79849047225525,1.4197381091531953,1.4197381091531953
108.61001416064626,1.777352129114918,641.6695752690367,0.6251837575460008,0.6251837575460008
64.50159339257186,1.914048936537641,448.38426489539694,0.4583273209339379,0.4583273209339379
176.73498222905206,1.8799531419595903,431.4790700781596,4.085576929804139,4.085576929804139
100.15494590047979,1.7593409204836488,610.9243582569574,0.5341513284023062,0.5341513284023062
112.66712370734423,2.306975929684903,561.114213618598,5.286766451186041,5.286766451186041
84.66200649195783,1.474392030904605,635.5241080624893,0.10065979432003568,0.10065979432003568
126.73115325828694,1.9068360925376489,435.68886722289545,3.5731705130615787,3.5731705130615787
49.434297065304094,1.3744497003478653,572.3932251389033,0.01186241290869181,0.01186241290869181
90.39467659731693,1.3853868146534918,469.9146860180632,0.23985387769837363,0.23985387769837363
194.49421802035175,1.9886390196125157,794.8400343696467,4.218535824267233,4.218535824267233
66.46401788620295,1.9792221098653853,624.4600849740698,0.1492993828611796,0.1492993828611796
138.2125996174326,2.3536402154133484,674.974744376347,5.833147184525246,5.833147184525246
78.53421156044507,1.9694484107920878,530.1673122730431,0.5707411070504004,0.5707411070504004
159.22516262358812,2.4517492244858206,437.89556591173766,2.9846176247882172,2.9846176247882172
43.55725892930297,1.3584338180799158,790.3483451134147,0.0018397942535459746,0.0018397942535459746
194.56778811413804,1.4176092217368894,514.5036141532732,1.710412928591279,1.710412928591279
101.68211744905507,1.3528790338844576,569.5232740694297,0.15850987121816013,0.15850987121816013
62.48908340236351,1.522332220400248,659.94556868103,0.03159696553152499,0.03159696553152499
33.229414519402276,1.9495241331300137,409.8789190744445,0.04567324605492798,0.04567324605492798
50.55642291575734,2.0746866177129135,724.1036522069148,0.02939040758644654,0.02939040758644654
113.55931074008318,1.3547021895384026,614.6312760114481,0.17882456070644692,0.17882456070644692
80.66057175763154,2.435165067814719,511.2868748275289,1.5699188444581293,1.5699188444581293
169.1990058588697,2.310598451980457,424.64319411698773,1.9330695236105644,1.9330695236105644
97.55975425912507,1.6559349785885118,464.9993661897766,0.9002172998194657,0.9002172998194657
64.76856906577339,1.3926250362717616,758.0135435413747,0.012425472391967625,0.012425472391967625
131.0860975887254,1.5038644878628689,674.4096895743564,0.4232372943728898,0.4232372943728898
147.21989903938027,1.4523332965059672,499.9606886547559,1.159816728738306,1.159816728738306
50.06754342217097,1.4479405351587362,426.2403059780118,0.05557395477795254,0.05557395477795254
50.17145893189718,1.9222740263988807,676.2461249546545,0.030284709649501633,0.030284709649501633
26.600856848037736,1.5950169309920803,628.963090387106,0.0015501387593178124,0.0015501387593178124
152.5523627118153,1.7297676598349734,561.807809783294,2.840605565557546,2.840605565557546
139.48481497192492,2.487406400061187,545.4445796760256,4.3045811027402845,4.3045811027402845
105.4335576349665,2.1211770987104135,486.72571037164334,4.41650100994223,4.41650100994223
171.9506808144555,2.4387768004564014,667.8445026150071,4.196114168355068,4.196114168355068
165.02062753100958,1.4710678660397387,788.2672111175482,0.4606924503581959,0.4606924503581959
125.3637855914154,1.7585673697990831,470.28609833473035,2.9679316469200057,2.9679316469200057
176.28883049238655,1.9656781639388252,638.8466480062013,3.756539816508359,3.756539816508359
57.05141780661828,1.3921096742664856,569.6740222983905,0.023161681908368068,0.023161681908368068
40.145531491591015,1.3050249323535494,578.675488697866,0.0033976321367929904,0.0033976321367929904
68.55493007305813,2.104521200556301,501.65891205112575,0.5162874993615625,0.5162874993615625
30.275634096076672,2.0701834201617224,730.0539502645677,0.003458194666070079,0.003458194666070079
115.61051504018576,1.7929465719995341,594.1022416588964,1.041383528180305,1.041383528180305
188.58902461309307,1.887572891238439,617.3623408793056,3.5608575454218174,3.5608575454218174
27.081837320331736,1.7985316007105077,521.9043651189303,0.005651409007814834,0.005651409007814834
41.979784521804824,1.3288060538138666,472.7233862667799,0.010352813109805912,0.010352813109805912
101.39582509101835,1.702445927460955,434.3641552811282,1.505131816658246,1.505131816658246
188.09750315502288,1.512498706476748,685.6476563699664,1.2389022571785335,1.2389022571785335
76.9080988958151,1.4181090269216425,478.49371267514226,0.15625951089585763,0.15625951089585763
111.30226556391064,2.44806452066722,676.0301416755191,2.051408724666309,2.051408724666309
27.483114629070577,2.0192316700505986,556.1505784187816,0.0066043381277294515,0.0066043381277294515
46.70177617317599,2.1743875410839233,566.3099203958606,0.06665731056451422,0.06665731056451422
197.59342213259245,1.678436491919341,587.6709984371087,2.997130662625574,2.997130662625574
193.72136535848819,1.7717765553928182,547.0834032510172,4.127114760797677,4.127114760797677
20.889196568193732,1.5843087926760682,440.24799088903603,0.002388003455560134,0.002388003455560134
191.326121376183,1.4163588051585096,523.8527240011383,1.6134540209880224,1.6134540209880224
135.04158880679006,1.5148379649299006,665.4937442775754,0.5023441580990041,0.5023441580990041
176.225293013604,2.257016854355783,666.3137605875484,3.9756275902811526,3.9756275902811526
101.85317401409463,2.113054966220531,514.4897228959977,2.6217674217391864,2.6217674217391864
112.80728514426504,1.9563146511825722,584.0410506230752,1.5165144406480324,1.5165144406480324
107.99238444624564,1.8701078474401216,477.37889120477496,2.3787878274662786,2.3787878274662786
140.03556635829878,2.4069211403873494,484.1488326119343,5.380951979368587,5.380951979368587
45.137225856136325,1.387281937334402,409.21883536264295,0.032962871105496526,0.032962871105496526
25.39524617708203,1.6367209758854993,758.6986199630978,0.0006767267422092633,0.0006767267422092633
75.42738948641437,1.719925424284857,484.28266602996246,0.40119059410765623,0.40119059410765623
146.8425372925964,2.2389109746553455,491.0135507745853,6.238900466019344,6.238900466019344
56.33362138213071,2.4910175441943654,511.8405730580527,0.32073863737969954,0.32073863737969954
141.21783799848512,1.5888046177085837,450.9632286781716,2.372950018173864,2.372950018173864
194.5841682993087,2.3491688009644967,655.7051532725451,5.382231805672258,5.382231805672258
36.90212884209531,2.2967473125181495,430.0571812710346,0.09016809854249777,0.09016809854249777
141.06838128052271,1.56958887717012,453.6809705305401,2.2195972903960355,2.2195972903960355
99.87503947482281,1.7791990962390671,657.9026906360372,0.4224982552284606,0.4224982552284606
176.26560578795096,1.791607443151023,535.8642481925771,3.487144929814711,3.487144929814711
51.88696210052946,2.47386480223187,683.1791306804756,0.06292518996750437,0.06292518996750437
144.67267140070962,1.517070281654678,622.9698978680568,0.7455559487110491,0.7455559487110491
170.86075213665984,2.2589895653257384,502.40846922460526,3.8848476697237766,3.8848476697237766
190.0305595053242,1.701031257007732,660.3311801957312,2.8722656462195495,2.8722656462195495
142.98464509213625,2.1770444149313923,446.50947211715226,5.501751823531025,5.501751823531025
109.49145752151692,1.8040132051547955,614.5641532320121,0.7957704314079984,0.7957704314079984
131.21250323621848,1.994031715739848,574.8592420180139,3.7604738941359175,3.7604738941359175
176.40289720616929,2.2991341279913575,507.1494331269763,3.563658005164304,3.563658005164304
122.70975439498935,2.2649986779806612,641.6019990958,3.437446712570344,3.437446712570344
25.469670745430633,2.3397078202476402,748.533436936113,0.0020476648667948744,0.0020476648667948744
187.57076519125602,1.3715407904135908,799.5618799052306,0.390668910571066,0.390668910571066
144.114815185681,2.130460663647694,643.1051074973698,4.843358453317339,4.843358453317339
141.77240943990438,1.4679848520661154,561.882349731668,0.7689448392432945,0.7689448392432945
58.82152743158909,1.7989822816220933,490.08284008648064,0.17487333510682856,0.17487333510682856
138.59938464187832,1.9583060980656262,502.8384357580447,3.7550952800243382,3.7550952800243382
90.89559301774852,1.783287381696197,591.7819912599062,0.44577679419698146,0.44577679419698146
137.22193586746857,1.923534010963609,546.9110805122837,3.9013785693997947,3.9013785693997947
39.18674545543833,2.4958315705583427,765.5258090499776,0.012276371077190224,0.012276371077190224
138.41215482854648,1.4622607764554256,547.3181870622839,0.7538746393208373,0.7538746393208373
199.89447063871998,2.110547254403711,549.3778364581742,3.998683572824013,3.998683572824013
28.678166994900085,1.7752011596627382,553.4138049735908,0.00537051483504616,0.00537051483504616
195.8913531598371,1.4596117586887947,734.6480841470632,0.8745933484127819,0.8745933484127819
93.24343293011671,1.4904841160491715,660.3153283387608,0.1337895258112164,0.1337895258112164
176.73562106070665,2.43912772749474,645.667540127557,6.270427238329632,6.270427238329632
160.8293871304892,2.3555217960541146,533.6572089535449,4.72974968504821,4.72974968504821
122.0629269776002,2.388450352498026,727.1616707329758,2.026692664819199,2.026692664819199
152.92085766523877,2.489839330992864,415.34554454228044,1.4618415135252407,1.4618415135252407
178.13280103424262,1.5499784680102215,748.3188689352453,0.9144234376702097,0.9144234376702097
92.74525789718594,1.726527204836874,605.0999599175718,0.3845772919801427,0.3845772919801427
78.86596908138296,2.10306283590984,559.3000939453651,0.5861173069607585,0.5861173069607585
140.16680940144525,1.8805630478327768,598.8669122870742,2.888503385195125,2.888503385195125
165.41226954942655,1.8020674400540002,666.9662122135323,2.772120136494953,2.772120136494953
157.21132425979084,1.7293734992027117,405.10617060715896,4.676839112288324,4.676839112288324
163.60645679455422,2.0125367583321427,748.620742583299,3.286626503678775,3.286626503678775
98.40499666632795,1.9907121143680984,578.6958101245572,1.005406835760098,1.005406835760098
167.2101589115039,1.4937494008770882,537.1866078800313,1.666248721220196,1.666248721220196
41.63762996670952,1.866087805022127,455.29822625362283,0.06527159433579667,0.06527159433579667
118.00803763295292,1.9641661314518197,575.7861497433769,2.0074146667731094,2.0074146667731094
21.036558889661883,1.9843443264776686,598.5291085137516,0.0015819650066801049,0.0015819650066801049
78.42544938204865,1.5521286314948222,561.4586777973911,0.1613273233891766,0.1613273233891766
85.96307627685162,2.190725670702744,671.4640375307588,0.44398769172722796,0.44398769172722796
91.31108448966597,1.3302389137852837,568.3586115036904,0.09718073120951182,0.09718073120951182
145.1840972041752,1.7257982266517953,784.5670311386293,0.741363074792801,0.741363074792801
89.94045822866224,2.23625517824276,639.7110071294367,0.7021231494480361,0.7021231494480361
100.76485207205552,1.976671505266483,722.9911742607635,0.45374487962943316,0.45374487962943316
62.757943557378944,1.6133949190130323,443.74236124379155,0.20660764092398265,0.20660764092398265
87.18532249328122,2.133943743211657,558.9165171783623,0.9266246106176889,0.9266246106176889
60.90853290736727,1.980869132987288,534.7390805788611,0.19888027183653106,0.19888027183653106
33.17526627831985,2.2554923313476647,627.7929552546367,0.011406869326101911,0.011406869326101911
128.62074680864802,2.182030223427788,744.4454080245703,1.5431255609249825,1.5431255609249825
140.27830373990292,2.0321295064434817,431.33528710480266,5.703926853988213,5.703926853988213
131.5082622817306,1.885813210372977,429.0299192178843,3.5648195080094465,3.5648195080094465
103.42892788410302,1.4598185508010282,740.1270832630396,0.1134807355767406,0.1134807355767406
88.36144043226136,1.6135996214624606,485.14003441534294,0.5083513166612202,0.5083513166612202
175.40005692292854,1.8029193675005022,667.5013017799255,3.24278327119058,3.24278327119058
113.43472132451924,2.0191591444076664,617.1512529443221,1.4357795679833354,1.4357795679833354
106.25273797335157,1.9164494262583658,733.1574379548917,0.4741028553747093,0.4741028553747093
24.615571845158424,1.6458214311514354,450.0355639345614,0.004995745388735172,0.004995745388735172
81.42460897270814,1.3077572293476527,451.9131862890445,0.12370817237489384,0.12370817237489384
88.43521138145427,1.8954870662809769,622.727344111323,0.42008757498649424,0.42008757498649424
91.78810056144209,1.6427511862746917,778.5514613433484,0.11053566967208577,0.11053566967208577
124.43102646091981,2.181529960852642,565.9991033483017,5.088965838733692,5.088965838733692
116.04845841083812,1.3287355183245801,530.776840101878,0.2523804288458203,0.2523804288458203
129.42291670282003,2.001793373566949,642.6757292791543,2.0580865781547404,2.0580865781547404
157.6789870775831,2.4297690850072784,772.1794402180124,5.831726631201174,5.831726631201174
166.33743296889682,1.5092911205337995,734.7711331378495,0.6719160952453236,0.6719160952453236
149.262153720769,1.8659793889007146,798.1934442932879,1.0867158416643856,1.0867158416643856
191.99426527188825,1.4097063901805658,409.02743328095085,2.5348578985875103,2.5348578985875103
23.281864881745093,2.0508182947136233,445.1432578851049,0.008679554855978718,0.008679554855978718
55.240037423038295,1.9606380167154707,643.7871053466488,0.05885461827741673,0.05885461827741673
21.36131749606558,1.7888386290553988,728.2305757335398,0.0005558755543260271,0.0005558755543260271
136.54544854782853,1.9256524257684895,514.0977369227066,3.8529462816723328,3.8529462816723328
181.64549881099765,2.3758895901628123,495.6844352136875,4.443420835613458,4.443420835613458
63.82681338373387,1.5355531627732804,714.7903197524804,0.026136824126473116,0.026136824126473116
186.8662180633352,1.3270774140464168,422.5527415412926,1.4576107342614593,1.4576107342614593
30.848130252120953,2.333997861638921,547.7530590330341,0.01596509801446208,0.01596509801446208
188.19848482499256,1.9925404988654878,602.3236890369319,4.298076120108966,4.298076120108966
83.2920837031342,2.368790146554211,624.1394697401294,0.6633402075382379,0.6633402075382379
38.25574912085897,2.016334268095807,691.4460627171107,0.010433982218312073,0.010433982218312073
107.45691665353861,2.272193307951643,541.9382893722633,4.499355685162781,4.499355685162781
66.21978218969143,1.8156080360261777,645.073737869843,0.09541554696447879,0.09541554696447879
71.27712235314611,2.1998319175459224,634.1501691163826,0.2574166264698354,0.2574166264698354
75.31219368673158,2.395649760267827,619.0464402614989,0.45492562575531575,0.45492562575531575
164.54466160987943,1.9865475564666477,656.1933172568849,4.176980327349729,4.176980327349729
117.04902980154581,1.5169421806748555,503.7796684272305,0.746201302056542,0.746201302056542
76.03538584808067,1.6225571380362378,433.8595014338516,0.46051182424120085,0.46051182424120085
129.8600809959653,1.538373492276887,447.70866881589734,1.6769287376936244,1.6769287376936244
148.90712136017484,1.5962284331148795,489.83295306156043,2.33134825625543,2.33134825625543
69.07232013203608,1.6676985392212438,600.0791742091141,0.1075601708208208,0.1075601708208208
94.43883827456327,1.9661605441038263,736.177100218408,0.31780410159640804,0.31780410159640804
41.93949680065056,2.0055899553565992,680.5173368353537,0.015997995994980932,0.015997995994980932
52.606882916242455,1.8117996966902332,715.6162416808188,0.02396817131660177,0.02396817131660177
142.6012137136969,2.0385049357850025,540.3902495704366,3.9633866134565046,3.9633866134565046
52.65890258521285,1.397889910733639,561.86149665942,0.01834971027931265,0.01834971027931265
114.52940906007083,1.405345884469792,557.4727543962451,0.3230638769827587,0.3230638769827587
147.6283271100379,1.5061953524291902,476.7492737618006,1.7370770316022441,1.7370770316022441
39.237846157053895,1.9216929976484138,424.4866632574288,0.07528910040554856,0.07528910040554856
122.11619953320263,1.5567936144379764,636.3664371308907,0.49573141340565635,0.49573141340565635
66.18130106624548,1.6399412841910928,795.6866733682344,0.026821537161710388,0.026821537161710388
193.32683754276437,1.780375403407593,466.73188198010513,4.3654488830121645,4.3654488830121645
107.03821640958645,2.274239348812456,418.6739279597095,4.013462769628424,4.013462769628424
165.07865895952847,1.3166345630954321,711.8126727295733,0.2741982433962348,0.2741982433962348
119.04077758812711,2.079254584283947,501.03440267388964,4.59111191884088,4.59111191884088
27.81425591386745,2.1026518372488225,731.8575221411713,0.0025248756154273755,0.0025248756154273755
133.96724760692402,2.258386936427964,681.5746668138062,4.065229234244602,4.065229234244602
191.25260159719826,2.419303526872376,778.2694148203218,4.0971567442045895,4.0971567442045895
128.2901276263396,1.3241654187391478,563.5708943026688,0.2736931723003458,0.2736931723003458
167.45399469682224,1.4845404466158594,664.7879357802536,0.8249690017996314,0.8249690017996314
179.1571634027134,2.3634055528671913,585.9419123253083,4.274187202771258,4.274187202771258
61.054358950807845,1.8502222746244184,652.2354789234174,0.06978149747497907,0.06978149747497907
58.1680711834808,1.977508766720156,579.839562403095,0.11616899000379399,0.11616899000379399
129.97657799317852,2.095632644467777,475.45289856962995,3.8457534044031036,3.8457534044031036
93.98512456520685,2.114879925394765,603.1589664013524,0.8944792156462079,0.8944792156462079
171.17503451600967,2.41808848397981,611.433680574977,6.509924056480242,6.509924056480242
182.004162211642,2.496339300894004,724.2415393040644,4.175569153708816,4.175569153708816
83.61584827448925,2.1641889531171286,694.2082823174325,0.3304887355585644,0.3304887355585644
62.636700615406774,1.6446654510461811,665.5166495765776,0.04482920390648747,0.04482920390648747
160.49459274389514,2.3557028827532123,445.354838221029,3.1506195332606177,3.1506195332606177
69.4650863986645,1.359065097448914,688.246516265486,0.020194431678013196,0.020194431678013196
168.0705773324621,1.5772970234493955,600.1220625418059,1.7817597889576355,1.7817597889576355
96.2728856567773,2.376862860956458,757.6398144424637,0.5398251255010217,0.5398251255010217
140.15898187246466,1.607429817327226,767.9483736522171,0.5017713480558921,0.5017713480558921
37.19635649024028,1.5647812715460983,422.0626362407142,0.027256353466132404,0.027256353466132404
132.29467844178316,1.4657503517682968,728.2566241417915,0.2928334184898112,0.2928334184898112
101.31818217270124,2.3309341091763,415.07895616906825,4.156492229750419,4.156492229750419
125.58952337158534,1.9000699110293042,546.8678502780091,2.8394808621711123,2.8394808621711123
50.24255739407542,2.109871843664986,616.9199902484316,0.05845076371135694,0.05845076371135694
152.63727408995277,1.5868796608900357,459.24031945085096,2.492809026622004,2.492809026622004
175.30347395778114,2.20964850521346,698.5255250276307,4.124139694251869,4.124139694251869
59.013164016339616,2.2120066539545182,403.3418816688554,0.8024016762326229,0.8024016762326229
37.22861999362911,1.6751176298899602,467.43961937361473,0.02462584744687946,0.02462584744687946
24.254945488340553,1.7928191596123395,632.3187319413903,0.0016484647615088428,0.0016484647615088428
135.55487007978786,1.551628332916241,685.755024814917,0.5327486135640723,0.5327486135640723
129.27692649598055,2.4718732279874853,766.6572410775665,2.555668682451902,2.555668682451902
118.4055342885326,2.074723092470094,682.1986607738495,1.2787473172589918,1.2787473172589918
61.75047730087557,2.4214526568586185,668.7117081019464,0.13935008876233773,0.13935008876233773
90.36307926299264,1.6640626523549598,557.7364585402657,0.39727540131207045,0.39727540131207045
127.00574033351114,2.2382690955962676,400.51377021072057,4.97982237973208,4.97982237973208
109.41803459465049,2.2190303726616905,448.0637034942488,4.290820264193748,4.290820264193748
197.8013936386797,2.12998678223985,613.8218179024157,5.841284094998155,5.841284094998155
44.55915546021196,2.4587667703201603,670.0519543377679,0.03545017026958605,0.03545017026958605
145.1260197285669,1.7722664033275786,566.979313558585,2.787499245781681,2.787499245781681
92.77737825877259,1.4568607883077087,692.2716046113561,0.09574209620823253,0.09574209620823253
97.07593068661066,2.106050631092873,608.7449181328715,0.9666582438046002,0.9666582438046002
149.16759781847173,2.1751717605726473,429.67047823772486,4.120697414443362,4.120697414443362
144.63850723838652,1.9900726881505775,476.80650038717954,3.9070925942347206,3.9070925942347206
198.4260788663939,1.5481814717600755,735.9992892975772,1.3756564308380752,1.3756564308380752
43.11097210174254,1.9053471300032263,689.9650986497759,0.01454282683054629,0.01454282683054629
38.73973688914994,1.6746276838829552,757.904794804998,0.004080095902743351,0.004080095902743351
150.3809870831734,1.812959833800027,447.0228996483746,3.8321275649334394,3.8321275649334394
124.10964506115364,2.074262291013597,796.0890138460295,0.83781160163772,0.83781160163772
69.34891998076506,2.1942576912290015,483.76268557997344,0.7183621138432219,0.7183621138432219
34.29548641801759,1.5786696290816118,404.7119505146568,0.02429273298906769,0.02429273298906769
35.4184849273575,1.786390432776344,798.9691756214216,0.002919287808186567,0.002919287808186567
180.9543574395413,1.622993885189955,512.4295541780452,2.864109576088824,2.864109576088824
54.536118449373724,1.538357936634243,667.2077810050239,0.018499813655430186,0.018499813655430186
78.20688118079374,2.240064663995006,470.6729256705221,1.4417683146049063,1.4417683146049063
60.798152400857845,2.391103233324391,632.0914128796567,0.16170343748323313,0.16170343748323313
83.89933504974871,1.7442786228214922,761.6139945818237,0.10905241902759193,0.10905241902759193
32.49629169429681,2.20153470924852,528.0724669713754,0.02022555282519839,0.02022555282519839
113.43076236348867,2.3763943472372935,668.1015904177436,2.1122715755219366,2.1122715755219366
32.17026144659869,2.315349052636278,475.1614355193666,0.03374580728978853,0.03374580728978853
164.0641714080251,1.5193760662470712,649.9181594874901,0.9686566260326297,0.9686566260326297
62.06817474387795,2.4475502578160335,534.580140727004,0.39024352348745545,0.39024352348745545
117.20214462881191,1.752011728515355,484.4833034351807,2.088964712839606,2.088964712839606
178.41423576106249,1.7070887934086036,525.2728202814541,3.191367292316411,3.191367292316411
137.15792642849493,1.3749175927333364,471.5364274031198,0.7238515264818616,0.7238515264818616
115.93240157924035,1.8834083849258596,760.7664431351532,0.5392001096804014,0.5392001096804014
78.38007556076761,1.4308163387691144,558.8747545268516,0.10125010064481253,0.10125010064481253
79.94034435047563,1.5982477851129113,498.1117219897469,0.3143147908272644,0.3143147908272644
140.50765193567423,1.6803311461207378,579.3631364063731,1.6081149807707034,1.6081149807707034
198.94508501981016,2.2705915881900207,528.2144667225982,3.7413033428138514,3.7413033428138514
139.13105417288816,2.3505863804750757,697.7677015253304,5.6626264464676135,5.6626264464676135
120.40101512660448,1.6629595809537636,788.4879647541977,0.3192558267291,0.3192558267291
151.5170918430643,2.3304377454934886,575.2134626790587,4.070668252952664,4.070668252952664
103.73701021106926,2.3286771248437494,744.4133599888962,0.7630994096235412,0.7630994096235412
30.825621668141338,2.2175811404618484,626.3452294238477,0.008201379813195336,0.008201379813195336
121.21342685802377,1.476034136818218,462.8942660376934,0.894167371097984,0.894167371097984
192.37255121096842,2.1283874162808747,676.2490968325367,3.9745164717461408,3.9745164717461408
51.55452962437873,2.4340288774966825,605.3737988503281,0.09933982993007591,0.09933982993007591
144.20088034771982,2.1190485745205887,660.2426093008414,4.515627763558184,4.515627763558184
56.168063958630164,1.6979402189294008,755.874965028666,0.019632357602145,0.019632357602145
116.44898320515463,1.9006951809169976,576.1738282624184,1.5791063328018364,1.5791063328018364
37.40176093640953,2.0748700520212644,760.4710492869423,0.00696127885329356,0.00696127885329356
101.06676852647333,1.9126844904742044,700.267605712662,0.46305510517514703,0.46305510517514703
156.1093992011443,1.443943530077164,595.441970351194,0.7687287736553117,0.7687287736553117
82.56287436301677,1.6744768535824248,641.2888542631855,0.17119316538645757,0.17119316538645757
139.68411040769925,2.262875236664359,530.2324530076046,3.9782384504186146,3.9782384504186146
163.18099294215125,2.333701655314621,793.4389198955097,5.755731714302708,5.755731714302708
186.89200750630147,1.4647600392586844,666.9404652201583,1.0530426645033122,1.0530426645033122
62.235574733981636,2.4428641028784694,417.538740998652,1.1983437410222535,1.1983437410222535
91.87686484567547,1.694587141418331,530.6487622992036,0.5458174914954291,0.5458174914954291
47.43488239947514,2.094776486476864,649.3257735036229,0.03640024055707568,0.03640024055707568
198.64703038850755,2.2021901751480173,422.5333111196959,1.9900755659644553,1.9900755659644553
186.86017422637315,2.27433548156546,409.5536765276571,1.9656041077960384,1.9656041077960384
117.19228345050072,2.434899642671116,580.009695811121,5.96822720525414,5.96822720525414
171.56599298775583,1.675503457634587,533.076071877068,2.893765377117018,2.893765377117018
113.7724359089676,2.3302077454618653,575.3194432132664,5.257042593891995,5.257042593891995
132.24542384049676,1.4580242841234485,505.0773239520021,0.8201838052072279,0.8201838052072279
36.04239778088299,2.1460490876243115,465.88709877719236,0.049270383082406194,0.049270383082406194
155.94867568942541,2.190373275416783,675.6573427921351,4.849945334993511,4.849945334993511
42.98842705434227,2.1132678894415844,605.8284465071201,0.03300340303354895,0.03300340303354895
168.6921734454551,1.6027776833621836,480.0616844997467,2.720293113989273,2.720293113989273
160.76505578066946,2.3476517764182443,527.8357705039994,4.553339302899056,4.553339302899056
147.57404559373578,1.5026301560444741,636.7231630653304,0.6991424046992294,0.6991424046992294
26.508868494457182,1.3643617498249971,428.89173930899113,0.00299302541467143,0.00299302541467143
74.56310407015914,2.1609579887342947,458.98120370647183,1.142344808568611,1.142344808568611
67.36026258395171,1.8705708582792804,429.29824164295604,0.5863300475827666,0.5863300475827666
84.82455334487344,2.3189176239504112,724.9269330856475,0.35266857769983334,0.35266857769983334
35.77569441749094,1.7600765692699107,700.9636932848036,0.004897929357289223,0.004897929357289223
188.6524081455913,1.5019343062092554,701.3251727517029,1.102757519507145,1.102757519507145
119.68440332822773,2.3037306309638437,686.5301373904113,2.0884411280133195,2.0884411280133195
74.99437591844423,1.958691557968086,667.7541694679477,0.1806805021233899,0.1806805021233899
91.45667307337102,1.5270349508684258,590.79676615127,0.21589808180750816,0.21589808180750816
100.49645729087042,2.164460798303735,656.911265402846,0.8986316169022748,0.8986316169022748
128.10698000491112,1.9133363661874006,415.34462191518986,3.6870598874458587,3.6870598874458587
112.8222969853696,2.025175578688384,648.5857690627138,1.171585384009219,1.171585384009219
185.49055517859512,1.8530780058478982,711.1510822147509,3.5685504132832557,3.5685504132832557
109.45342692304945,2.2944507805816077,600.1433441537561,2.7040221814856102,2.7040221814856102
198.58844266819628,2.2954752588196596,543.0053313708947,3.2081042477373822,3.2081042477373822
173.25649239411723,2.1512665861892635,510.9706939203917,4.58731224519222,4.58731224519222
57.531892584320445,1.4264816528757547,657.120820064833,0.015955311461968498,0.015955311461968498
187.50713863590494,2.3066246342848826,677.1204794519635,4.602826836555034,4.602826836555034
40.945951619385696,2.105215576639492,748.387039945017,0.011170443682233931,0.011170443682233931
167.14094752841447,2.1364289992051595,536.9336329843964,5.997770519042664,5.997770519042664
88.51219282578441,1.735579408484646,707.9089229542342,0.17827614800156633,0.17827614800156633
178.0353776801125,2.3551354673884077,624.5423296757351,6.405999013895954,6.405999013895954
176.25020421934107,2.170445920281829,753.1345962712317,4.742789675033066,4.742789675033066
165.0665720211718,1.4351085598350335,611.1248433182483,0.8050627844417052,0.8050627844417052
162.20547853527106,1.7893336412873952,607.0519313591869,3.220345142384349,3.220345142384349
74.84224503764734,2.36365643435217,631.1508325763637,0.39269967702149616,0.39269967702149616
34.56547094922539,1.3566360420368548,699.7261420569737,0.0011785959498317646,0.0011785959498317646
92.53643217772907,2.4536999435704594,785.8761915313844,0.41791922814285903,0.41791922814285903
51.23441269757156,2.1149950819834755,429.42534168630624,0.29663007183397405,0.29663007183397405
145.0911960024431,2.0576511731720517,421.37384095640687,5.155382993177759,5.155382993177759
82.2979507768014,1.6246711077855898,775.0201349629353,0.06903827418629711,0.06903827418629711
195.6098361547847,1.5985501464870124,611.9502502072825,2.4835708067718754,2.4835708067718754
135.37497392215977,2.430469863386315,645.9612058267744,5.418914551382924,5.418914551382924
168.04650145418498,1.6579269450809473,592.9694406378916,2.4956143833279323,2.4956143833279323
43.854441093532714,2.230606356062799,437.4629810429898,0.163378194621992,0.163378194621992
175.16260680907206,1.771746157848495,707.2357513674666,2.4760194193936265,2.4760194193936265
186.096294292411,1.4671048849416448,698.8898580354348,0.9031653122058574,0.9031653122058574
107.67114538740846,1.3128583572344308,524.6813285971248,0.1907846091204564,0.1907846091204564
129.12552879517594,1.9531088044183011,522.4956980913602,4.042002508572555,4.042002508572555
157.66576416253918,2.470934582258719,735.1365523622073,4.927593656367846,4.927593656367846
51.47095290687426,1.7429634325710455,428.94290309653064,0.1538019707423124,0.1538019707423124
110.46189376341964,1.7286308007916538,752.4420593426264,0.3287203566855315,0.3287203566855315
91.75934499901636,1.7129099414193305,502.66467595836576,0.6848603516665779,0.6848603516665779
46.34731858920484,1.92465260476583,637.1938991021975,0.028017035842623706,0.028017035842623706
86.15619601247566,1.8287978601091521,774.3976716007111,0.13652188881616295,0.13652188881616295
32.27101568938885,2.3558975520724177,671.2490006146586,0.008485470689789514,0.008485470689789514
24.646143250907656,1.9066249500681884,565.7719249868146,0.0033572076464525144,0.0033572076464525144
44.3299320478681,1.9093094058262827,675.813683562166,0.017863884651098217,0.017863884651098217
193.3607200860513,1.466045913664668,537.5918545265481,1.9164884629719596,1.9164884629719596
118.91531646110306,2.479287449092463,510.90336653967444,4.26279339354675,4.26279339354675
193.8479890075796,1.5999674690425956,798.6733111738719,1.1839981866062634,1.1839981866062634
97.84961809942375,1.3880368809515233,700.3160924719151,0.08128120353715851,0.08128120353715851
76.12690395534672,2.0957754987702506,657.887990952727,0.25353676700220074,0.25353676700220074
111.10553531124394,2.014439644188247,542.1158572877275,2.3382988048428333,2.3382988048428333
99.11210395392382,1.798174784791295,419.66433166201926,2.2362810892367513,2.2362810892367513
39.019643167113905,1.8066306806568138,412.42275041406225,0.06693308317275887,0.06693308317275887
135.34873664423714,2.2420767052557173,621.6725021795196,5.319663086934677,5.319663086934677
58.88687285172793,1.534855168119579,704.8130884156204,0.01996976215806666,0.01996976215806666
131.52583188160932,2.2843039827338676,614.951676177542,5.484886952564426,5.484886952564426
137.03619663166762,2.078496536674022,736.3140287756459,1.730956903649113,1.730956903649113
47.36447356315666,1.8027637285354294,413.37061323728864,0.14590063919808718,0.14590063919808718
31.04293287992027,1.8496343399006423,546.7008305703761,0.00895187792357679,0.00895187792357679
160.53708549231916,1.607976648623315,494.8281564696712,2.5665020046451783,2.5665020046451783
102.76407627847763,2.20253719923637,578.9091872628488,1.830215243571483,1.830215243571483
30.469483190985642,1.9154496907663212,428.950557277649,0.025032050320129895,0.025032050320129895
199.07593709055809,1.6850254512998124,781.652656628429,1.984798059798135,1.984798059798135
30.400500979345995,2.01526013891314,489.30216042774435,0.016764460683553657,0.016764460683553657
145.10634119453957,2.4948813424615874,768.9231101934339,6.293702801395255,6.293702801395255
197.06220654741446,1.8223147355878646,570.3572620146728,4.313584420112334,4.313584420112334
63.05241875886661,2.4048296809343435,794.2096533020872,0.07170390784389263,0.07170390784389263
45.604886363695314,1.7140202079094793,621.6233533840843,0.01934705731134452,0.01934705731134452
41.8492890960372,1.365679248309983,772.333145670323,0.001783896767409651,0.001783896767409651
74.58952656216721,1.5450905276421147,402.1395954776891,0.4274222686856738,0.4274222686856738
38.1882459819164,1.802434171993221,699.2955224723601,0.00700465532073012,0.00700465532073012
144.58904150494374,1.563561914313483,761.2202612410061,0.49181399850942414,0.49181399850942414
31.212523663411282,1.3002724458619066,455.88822679158164,0.003130879997393672,0.003130879997393672
111.69598306696214,2.3980018452970326,438.4503406928606,4.071391923987216,4.071391923987216
199.40543369353583,2.312655293477115,569.8290428743823,3.4512373524290303,3.4512373524290303
166.51464851108338,2.1907506777843366,773.4715624531741,5.04733668664671,5.04733668664671
130.73949888158197,1.5013775147752344,616.9546240761755,0.5401949542165574,0.5401949542165574
75.1256517415901,1.4444362914519833,610.9825854886928,0.06533080891175945,0.06533080891175945
132.30125053249492,1.38112569936686,456.45044731972877,0.7429683807228038,0.7429683807228038
114.86746350409729,2.1688350265275056,400.3158044372875,4.239590403635171,4.239590403635171
96.69500910026687,2.414569552825462,724.0560362981845,0.7017606922372408,0.7017606922372408
43.5278678132359,1.8166429850956445,435.0298251944953,0.0860315603255768,0.0860315603255768
179.58875874328402,1.442968806395258,653.5399274941296,0.8845106403595511,0.8845106403595511
100.96123678783805,1.914871384878528,765.8465818060765,0.323691059791096,0.323691059791096
55.032052127737714,1.7185982889503562,483.4607652633724,0.11716384909558235,0.11716384909558235
86.19668315791213,1.7497899092199973,666.1091344947642,0.21163756849827894,0.21163756849827894
94.54335545520686,2.0455967489868487,431.4794306830038,3.7135385223594164,3.7135385223594164
168.95682120203736,2.162461735914643,641.5020575350452,3.9425121252684447,3.9425121252684447
152.05058850105237,1.4327243186477931,465.57268838128107,1.4056735375156262,1.4056735375156262
158.47488085544117,1.3427082769677716,694.3814242060712,0.3084056234809723,0.3084056234809723
21.985627597156498,2.4931963632228578,520.4925179175633,0.00556801995156165,0.00556801995156165
94.90771967235708,1.5792740186986622,585.3564035218585,0.3062386644177183,0.3062386644177183
106.64194729435825,1.3645966298901508,639.7722168110487,0.13465584102599248,0.13465584102599248
23.454609828150204,1.527850394915104,468.5093642664958,0.0024940388803408094,0.0024940388803408094
66.76637757410616,1.3467494156181572,696.6551274470484,0.015437016641758708,0.015437016641758708
156.8521681619843,1.770173073540606,521.0561362547259,3.2259442921611257,3.2259442921611257
44.67974703121983,2.2628821413415894,664.9487439651014,0.03106350628530782,0.03106350628530782
116.3558236614665,1.7094933397092649,463.31322027974943,2.0680889880037645,2.0680889880037645
58.73633696310275,1.83302008825404,675.2470636825401,0.04987116889241991,0.04987116889241991
22.181739435900788,2.1107041282809265,451.2752291241847,0.0072531080569953445,0.0072531080569953445
63.41626236791747,1.9106728840838563,570.1425985079934,0.15958382342118732,0.15958382342118732
195.6572758838097,2.333734823225589,498.8824294955507,1.962341942019381,1.962341942019381
164.27668013893813,2.339242810054908,699.3500997712731,4.382353329348031,4.382353329348031
192.723795977786,1.3118928345893843,504.81400180274983,1.004591997570752,1.004591997570752
107.81372790674524,2.233655567779839,752.6869225581585,0.7568401373726987,0.7568401373726987
39.75251576195063,1.8528803202900086,756.7280845626451,0.0065610207282231605,0.0065610207282231605
118.63270801526473,2.4866086495643955,478.57652608911434,4.1181680875504725,4.1181680875504725
101.78792022079296,1.8798784910505222,645.5383780030897,0.608929853083644,0.608929853083644
171.98427489313087,2.484275134465957,435.08705668798575,1.6747944939282795,1.6747944939282795
37.65486454116403,2.205483233446884,556.6148398406517,0.03009531643111919,0.03009531643111919
107.88340466392007,1.5983258615359677,685.328691800509,0.2933421214540285,0.2933421214540285
47.00875964491716,1.9460739751443492,663.7692987399665,0.025965352911487768,0.025965352911487768
78.44166684021079,2.4905627673742994,649.8802677626431,0.4840832129723658,0.4840832129723658
152.72427392980393,2.3290367293023087,513.0163454649775,5.615700875312134,5.615700875312134
105.68326328637798,1.4168402725494653,551.2099797737608,0.2780303418720455,0.2780303418720455
87.65989132623848,2.147646396171995,441.1784578801145,2.997223865543024,2.997223865543024
91.00573014260635,1.7146955030449758,687.6091281734405,0.21219417090865722,0.21219417090865722
102.70041831307759,1.3083787142564178,601.5555187165094,0.10405575092383633,0.10405575092383633
161.30297789067023,1.7841771628323995,683.5062529382618,2.1174692026279565,2.1174692026279565
180.5752440092422,1.5817053060699655,499.57740991874914,2.693883798885762,2.693883798885762
191.9602435707071,2.282643124624566,529.7752914540265,3.263618035129576,3.263618035129576
161.6426095259531,1.7047967306149185,533.6861349040458,2.9723766757751604,2.9723766757751604
76.77324123464228,2.2930284327445802,410.2969638988865,3.2251600613815894,3.2251600613815894
143.86424709557758,1.3007175266017543,536.4191491322495,0.3596463856386929,0.3596463856386929
98.76856232997055,1.669382980031343,721.3218294072134,0.2148821480472507,0.2148821480472507
65.84071196828921,1.5893982571693144,758.9193982998954,0.027581662575686988,0.027581662575686988
171.35688429666607,1.5802808332823333,607.287326254371,1.8474817170710276,1.8474817170710276
26.916742813218498,1.3818239437185553,582.2006780876881,0.0010244573072485197,0.0010244573072485197
182.31715858437624,1.5245491244926022,412.3298474797481,3.457135050517309,3.457135050517309
103.06594363245215,1.966659483862744,751.681735034153,0.4173185402701821,0.4173185402701821
134.69626582549046,1.6496332874052935,405.2040853703491,2.8250259548055783,2.8250259548055783
138.68370599704087,1.8008737387949776,777.9000320840847,0.791611805344458,0.791611805344458
181.12119332717654,1.7522402564166262,595.6864994752362,3.163695106137644,3.163695106137644
134.60054279009734,2.3510859099998735,536.7737974298907,4.054780438314283,4.054780438314283
130.5080452568111,2.3863587988126183,769.687373937064,2.1441353707214623,2.1441353707214623
31.997367300924193,1.891548365987032,409.7563972440387,0.03553694998626254,0.03553694998626254
113.31344395013673,1.6961871403787252,632.5699579476349,0.614697371710155,0.614697371710155
47.0304201470675,1.4281608448028364,619.573009799735,0.009113699351780104,0.009113699351780104
152.7380783698674,2.444083455258514,487.72816048455286,3.6062402670289653,3.6062402670289653
112.1999457462814,1.372272333880357,571.5549725400842,0.23791820021539084,0.23791820021539084
142.4410002575036,1.6571803330819366,660.9056023775081,0.9825166126920004,0.9825166126920004
27.50112210842917,1.657679441404005,690.852478752771,0.0014305816335122782,0.0014305816335122782
35.26256288824458,1.6844815433682578,400.2867434826319,0.03798543255903381,0.03798543255903381
148.9382098512828,1.4971442119268912,774.7413720364061,0.39846689321348017,0.39846689321348017
32.97518047976121,2.2397937171084363,465.81014895712497,0.037726699721324676,0.037726699721324676
32.82621099774655,1.4469974343591872,493.4321736889437,0.005820339014016841,0.005820339014016841
22.17952554227974,2.0618879909837955,505.3893782775393,0.004307140400218601,0.004307140400218601
192.1702516939064,1.448615232046981,415.1280546208141,2.888821084388827,2.888821084388827
152.75150470262125,1.3846427651115478,449.22084943613,1.202391747630032,1.202391747630032
83.58525353037155,2.391315404423052,794.5399691776648,0.2390290430361836,0.2390290430361836
73.37640463177794,1.5281545195824469,526.0866949509144,0.1473366669904521,0.1473366669904521
82.94658135425291,2.285500185471645,446.12043613561974,3.006960662103497,3.006960662103497
159.43763561261272,1.9535570453285631,442.7965044698493,5.18447452524221,5.18447452524221
139.0467099926746,1.3934278235305235,687.7839870679887,0.2903069598972008,0.2903069598972008
53.335202216144225,2.4465378297256812,741.8274656130563,0.04876789381944095,0.04876789381944095
51.33968036013518,1.596353400390271,502.780919803388,0.054286721508623355,0.054286721508623355
37.71121694841152,2.3315744144231276,408.363804934094,0.1279470854726514,0.1279470854726514
138.85448954624087,1.502572006941477,489.2360073781423,1.32455730951768,1.32455730951768
157.58707919991247,2.3247314585702235,422.60627631870295,4.344377230818665,4.344377230818665
67.70835709850073,1.3158745754863528,441.3579746520166,0.07560026089262661,0.07560026089262661
23.770092985564307,1.914136547883377,572.6032479390569,0.002795058285521277,0.002795058285521277
34.79090014575692,2.223331095305868,491.96734834465303,0.03691656941913523,0.03691656941913523
194.21480627210548,2.42175462099134,606.3783514101693,3.6590616562174745,3.6590616562174745
73.18005994593565,2.3910425634477845,501.39750130287615,1.0139850127792183,1.0139850127792183
158.46016661086406,2.283549843457174,776.2149204411791,5.308616567771434,5.308616567771434
132.43944239376748,2.3658296195935646,762.3775871705059,2.3794842218124628,2.3794842218124628
88.74913513752126,1.5390636230044918,626.7224420041864,0.162273766333158,0.162273766333158
57.02370719519992,1.6410211548540745,541.7695967949544,0.06976457116591232,0.06976457116591232
41.84955526869316,1.6467622299052702,552.4587528138942,0.018694355720559844,0.018694355720559844
130.70233424699597,1.7524647172020387,564.7409132577988,1.7377371968317255,1.7377371968317255
159.43408051480185,1.7719848044622264,691.0317288539776,1.8380774745081556,1.8380774745081556
135.90276563740352,1.9534663895856106,580.6555982075351,3.6499590778765594,3.6499590778765594
115.45438398484849,1.4918557160397297,742.691978602359,0.19147413123678314,0.19147413123678314
27.551220217694528,2.129495996543187,777.6379143721458,0.0019602973744564387,0.0019602973744564387
194.3279799669891,1.5010798471654079,534.3784613515736,2.180066727914217,2.180066727914217
163.76855449782343,1.672370178525457,624.277792550272,2.1073300972810807,2.1073300972810807
72.70796660617366,1.904014156727385,438.02261473302576,0.7738649517373698,0.7738649517373698
196.3946592845931,2.2557286738281728,480.1876191065436,2.142007700872139,2.142007700872139
128.33868613453797,2.187363079886473,565.386306684064,4.992679907459114,4.992679907459114
124.83607847730437,2.0746412276926267,482.4810863607115,4.058591509411191,4.058591509411191
154.6531722973158,1.4869279126962043,750.6241963154871,0.47006341903787363,0.47006341903787363
166.11856185622477,1.9564544147386933,463.3145024236392,5.2294677135791,5.2294677135791
138.16614931967047,1.4049358021598626,582.2643286212368,0.47954977346010935,0.47954977346010935
43.057234345916,1.7528358121559808,642.2796961839503,0.014597044469547552,0.014597044469547552
80.8881510790097,1.7962198363479511,676.7455632643378,0.17090669348167292,0.17090669348167292
187.05505525868895,1.3477737273349046,553.2277478906027,0.9519531407867416,0.9519531407867416
60.430810131893345,1.6287857193639663,747.6396274898914,0.023177431304714054,0.023177431304714054
86.9900642907524,2.446779360719787,627.3276604311702,0.8625157033766594,0.8625157033766594
97.77383892995528,2.4443591293956275,575.8031121790207,2.4984064885619857,2.4984064885619857
99.0928981450014,1.7227924651030473,426.89625362081466,1.5831278008836027,1.5831278008836027
130.3291248490146,1.351720130737989,585.875787378066,0.3033438663427745,0.3033438663427745
189.75365079404736,1.514913927193818,728.2943363262921,1.0526684845561491,1.0526684845561491
63.32468812985089,1.770661352120248,645.8164072885262,0.07187719350639837,0.07187719350639837
41.87024773416525,2.4373356375630757,732.8649814916473,0.01849156559347484,0.01849156559347484
55.54468817478872,1.469438876244622,597.6046682397223,0.024145447877983645,0.024145447877983645
179.6464820376685,2.216219012401855,447.38468203779274,3.428642867510657,3.428642867510657
136.2459462779371,1.4304190472496305,405.4559383343524,1.4817222589524774,1.4817222589524774
71.46322206304882,2.477509092869532,521.2878186874365,0.8486623452088314,0.8486623452088314
166.8704490143511,1.757939798930962,679.196188599117,2.2778726447182027,2.2778726447182027
175.04659934541849,2.230281446678867,716.1039615766775,4.266714888992579,4.266714888992579
172.37258096425003,1.711109299373358,518.3011338481317,3.1249783645003797,3.1249783645003797
185.4067760551198,2.0532026525905707,598.2615683532988,4.761461642306882,4.761461642306882
65.40338363120509,1.530419301688044,568.4475617736326,0.07048618642617412,0.07048618642617412
155.9075471743301,1.4752252231563552,564.2091137405712,1.059856885176241,1.059856885176241
102.8971095093452,2.4256769674817575,492.5394852800602,5.488965303124684,5.488965303124684
171.55973952021108,2.40117673348532,454.5484420117833,2.048167704287909,2.048167704287909
151.1283218890904,2.364962728255459,478.6754232924852,3.8716589059112825,3.8716589059112825
159.76054036995043,2.0505201401999122,422.13295486533843,3.932086313935521,3.932086313935521
138.10913078259287,2.269921853459534,479.2522967294308,5.508649322039634,5.508649322039634
51.937178504547234,1.38284432429365,403.68035905015176,0.05814870954019868,0.05814870954019868
118.1048454014489,1.701746850268815,650.9033602543914,0.6512612858113705,0.6512612858113705
197.24055311441148,1.6764437497085876,526.5501629550731,3.8030503104749163,3.8030503104749163
188.72985196948142,2.062774386343136,789.2578845707635,4.5274258503469245,4.5274258503469245
27.771272443462102,1.7271493281647685,477.48682031051914,0.00775627152166311,0.00775627152166311
49.666666831298684,1.478208137972417,538.3314281238376,0.024255291913678468,0.024255291913678468
43.71117922182114,2.0157604904962527,543.1364634566132,0.048968340735608996,0.048968340735608996
150.6763837973532,2.277260704802898,403.3805984249842,3.4848364271120236,3.4848364271120236
167.2013593742501,1.7585481933519678,735.6831812157836,1.6481218304821297,1.6481218304821297
58.43204593592095,1.4587224581181781,412.79778405772987,0.11849868084788615,0.11849868084788615
111.05348473132922,1.5360258367753876,776.0719338916965,0.16695313048052005,0.16695313048052005
171.326545042016,1.5849799662032609,756.8297404374482,0.8949047905181976,0.8949047905181976
151.9042780579251,1.6598771115934434,614.2087664343854,1.6028851744142674,1.6028851744142674
117.60269698853268,2.071354084607571,617.4382299645168,1.8955038135540057,1.8955038135540057
126.26258428257913,2.0211345814452626,661.5111691824625,1.6894896767789889,1.6894896767789889
111.50489844493039,2.135295833880447,554.8200047739548,3.0896912963545633,3.0896912963545633
73.5587212373877,1.7350023814378157,658.8889133591422,0.11265702014412425,0.11265702014412425
121.7039587146229,2.288797182255974,417.90735547539475,6.205691110305171,6.205691110305171
143.99935436901632,1.5449051933869122,421.6190509398906,2.3016901355821027,2.3016901355821027
177.19812485494538,1.862848897021785,582.8921678478177,3.4818675294662875,3.4818675294662875
134.53244371626465,2.261126465849716,619.8489204424139,5.362655580680691,5.362655580680691
157.00187666776844,1.5161903772791432,755.1270561343276,0.5420410725561297,0.5420410725561297
48.81289429182314,1.4318357364889396,441.8642535631585,0.04081826821585386,0.04081826821585386
103.08034539556218,2.360420761225588,729.0591708775557,0.8462913082532515,0.8462913082532515
21.679691568876795,1.711515595311035,484.01893491682785,0.0026069205740765658,0.0026069205740765658
64.40219561389215,2.1206441498908384,557.6334594040127,0.26044403021530477,0.26044403021530477
150.76310872034088,1.3304183251167263,526.6409739309652,0.5234226458547362,0.5234226458547362
198.52579124288542,2.1280562660913396,560.0621091461596,4.175235436940298,4.175235436940298
37.85205792569886,1.6793215738563647,460.19819922903423,0.028367274775948286,0.028367274775948286
92.26897685503188,1.36688902430493,601.428029761422,0.10210782275058582,0.10210782275058582
164.0127743658487,2.0317753138577404,720.6570359325469,4.1260012586244725,4.1260012586244725
56.726414233201794,1.588964579287808,576.6136041515588,0.04570963174412921,0.04570963174412921
119.91529087441153,1.764168690462256,596.2454303592797,1.077126199744773,1.077126199744773
151.95283328534146,1.3966969747438163,739.5070341125256,0.3095077474505578,0.3095077474505578
130.87738104683223,1.4765959013139345,682.4232458552124,0.363722747475893,0.363722747475893
53.844452230774905,1.6575726825950126,596.1817634079139,0.03924924923096249,0.03924924923096249
83.96922236343309,1.4077114006721887,503.0782592756719,0.16932132745325332,0.16932132745325332
161.08252120737149,2.392991517623578,753.9706987379866,5.278300858506548,5.278300858506548
119.760772543763,1.307256451820774,630.8081606762233,0.14552019892889403,0.14552019892889403
20.941330437724293,1.8806322626371736,488.45904404427733,0.00301767756664662,0.00301767756664662
156.9783368050569,1.4478969497590617,507.64790105520416,1.314849625515285,1.314849625515285
26.356043889243033,1.6692149073735383,721.2532355744984,0.001042631419506208,0.001042631419506208
154.2320808916218,2.4112714717819186,417.6582248349822,3.1129536015272796,3.1129536015272796
56.44650082974273,1.4940334639287842,796.8368748115281,0.008946737617758185,0.008946737617758185
192.45322642148844,2.458998783661999,452.14067188591673,2.0551446430185423,2.0551446430185423
86.22933523437521,1.546953252387306,718.4274101587749,0.08814716510725232,0.08814716510725232
78.84769094085424,2.1898793301601955,557.9101267086731,0.6727287699471944,0.6727287699471944
46.79984905984004,1.956012717876774,596.8864733149867,0.04016781860649973,0.04016781860649973
75.00875878823868,2.3613744731161113,752.2602309858312,0.18368520592098078,0.18368520592098078
177.7971371290761,1.9647919066037571,565.1644758356853,4.173135627079403,4.173135627079403
199.34018077290452,1.9414710629875704,614.9975014692939,4.480844169040897,4.480844169040897
86.2957154912327,1.5345496004420798,419.719864963668,0.562484120592653,0.562484120592653
100.74991357181766,1.4994752344619906,400.93898954698125,0.8752494142084896,0.8752494142084896
149.97276887649267,2.3997869813386172,497.9199492006903,4.154108890615525,4.154108890615525
179.51524048371343,1.6934058386200408,672.2332371675069,2.4198344800404827,2.4198344800404827
126.74798015362114,1.746498705955475,448.5059573436547,3.1087823625713646,3.1087823625713646
90.47462567200928,2.211788390114066,445.5047835218198,4.264147380788735,4.264147380788735
94.27193135275228,1.706588178907369,564.3842432143613,0.49810117102081863,0.49810117102081863
145.21126636942523,2.4424749359668034,659.1348154432906,4.7174381106293755,4.7174381106293755
20.579287448770163,2.1855133227985606,684.8287968991722,0.0010710594945360264,0.0010710594945360264
131.52608074277134,2.016915091088104,471.38026963934993,3.76127054295659,3.76127054295659
83.98874187944433,2.3570741926537027,431.835258948817,5.212948898589428,5.212948898589428
162.95551962987517,1.3595270900193794,776.1588135782176,0.2700197037294235,0.2700197037294235
36.73831516816379,1.6084752306270504,504.2665530248407,0.014396167351429581,0.014396167351429581
125.8764080507103,1.8580436010650918,741.3385990434895,0.7614979424720989,0.7614979424720989
106.57512017950228,1.5723742473658253,745.3965801851273,0.1887643278915348,0.1887643278915348
135.61859466294095,2.1926862247625825,709.0090367050177,2.7202548199548624,2.7202548199548624
31.673647006934303,2.4030496372644703,467.53344266102806,0.0366040323559796,0.0366040323559796
124.39708173706363,1.8085241439171083,728.7205837016802,0.6937383944793853,0.6937383944793853
121.06722583271427,1.710559120134274,707.7002236966347,0.5470395684556001,0.5470395684556001
120.91881699491077,2.4538608785650795,638.6891960424869,5.875224981290805,5.875224981290805
128.62777998736186,1.8338229193930489,534.8808140675811,2.749621646817467,2.749621646817467
141.7642287007452,1.88685808053914,505.00344170661765,3.613836465326326,3.613836465326326
164.89801994253855,1.7219798468102865,448.7556848321436,4.081432462396016,4.081432462396016
68.56772962307858,2.391458167614566,603.9028267603486,0.3341453987175792,0.3341453987175792
168.50889383241116,1.982746579938221,634.1043502039386,3.919778238059388,3.919778238059388
109.68602280742165,2.2146095046179735,543.7355962063149,4.13775282975498,4.13775282975498
33.87049024417961,2.2741680620210634,590.1436270723474,0.016326054040369797,0.016326054040369797
30.539167263916255,1.7102188503007099,545.4057829477067,0.006405107020403616,0.006405107020403616
80.16289736529095,1.820433197584456,656.4024229282804,0.19649600353083174,0.19649600353083174
161.28145588006416,2.3181661292875173,760.5036831186253,5.565543509249394,5.565543509249394
147.38256825336484,1.7359064220109723,465.56810481877795,3.123618821109037,3.123618821109037
161.95069364103315,2.2527221601422216,552.5635239612493,5.895860631040141,5.895860631040141
113.10843015948969,2.4291907870893246,456.34744158034454,4.0851447307409385,4.0851447307409385
99.2358196319883,2.0478524476816085,649.9775081631328,0.7378492302701276,0.7378492302701276
46.54145480713111,2.189952744942267,691.5482037954383,0.02895754660520677,0.02895754660520677
79.07469564967607,2.2661167744493618,772.7650930389823,0.18582915226286068,0.18582915226286068
98.12348591129755,2.314047578675971,511.54877050438597,4.157278155448137,4.157278155448137
35.9480773423311,1.7740640054281551,780.0844823461721,0.003332877513903571,0.003332877513903571
59.71015148801803,1.361516151011198,425.30506872826993,0.07191653953092081,0.07191653953092081
127.68055293147299,1.7822515254840874,641.2055453458353,1.0938058582451362,1.0938058582451362
152.41936056305417,2.108507475740908,422.853087737332,4.107246021548883,4.107246021548883
199.70255205073093,1.8404204629369514,757.5096751047779,3.5180415604161643,3.5180415604161643
187.96039964184038,2.198755781032478,611.9236228280216,6.189437462166033,6.189437462166033
135.66173591633446,1.7283789153623967,667.7393403051185,1.0083551702770905,1.0083551702770905
95.82464959293296,2.0616929693248354,732.6295703641811,0.4030966581992329,0.4030966581992329
134.5119256474819,1.5237037658247696,460.1242489935875,1.6074866988897667,1.6074866988897667
161.41729125444175,2.199243323973948,415.43662477525356,4.049035288881271,4.049035288881271
41.30051436620972,1.954835162575631,751.5524583651409,0.009295086960233703,0.009295086960233703
93.78288014533189,1.5448772662559207,525.973290983573,0.3759450478972295,0.3759450478972295
171.1644114144111,1.6502934081973688,451.5915631708661,3.6455327040980436,3.6455327040980436
89.08993134794792,2.198330450298199,587.3844948348346,0.9134340197363828,0.9134340197363828
122.93700882089358,1.879121482793825,639.3224302784075,1.2375166189567521,1.2375166189567521
125.79848495519568,1.5592377284716867,412.38824136900405,2.072690190443881,2.072690190443881
53.205725564055086,2.4607254284443574,509.9582633028351,0.24624812876112284,0.24624812876112284
85.20237949741191,2.1581500237802658,413.1199497107584,3.9100613628879834,3.9100613628879834
80.2120319735478,2.4485617990477553,568.1341556781996,0.9381389572080743,0.9381389572080743
24.71540753577166,1.812526054432412,758.0400116264977,0.0008887040779399223,0.0008887040779399223
24.354517500443944,1.8701204088300645,793.0609645974278,0.000772056622889783,0.000772056622889783
169.70546786163922,2.377546259422023,654.819021401451,4.090882262997824,4.090882262997824
69.15274579510623,1.9300592082944616,464.6550775138367,0.539955895864892,0.539955895864892
113.25417792298678,2.1487346942868006,762.3397559997222,0.7781220745645165,0.7781220745645165
73.77060324597915,1.602607452994636,606.4991292800241,0.11119854917468282,0.11119854917468282
189.3222641207613,1.8360717624431686,461.4997248411672,4.248760969406888,4.248760969406888
66.67341659583927,1.4481398389724263,768.6906677806646,0.01684330689865956,0.01684330689865956
97.33822629300832,1.547176043052354,702.9876202892412,0.15338592439052917,0.15338592439052917
177.09144508722832,1.3011320983211574,692.6821090892606,0.31873439788956703,0.31873439788956703
171.54804202252555,1.3471180619783922,683.6722815177618,0.40601578317235093,0.40601578317235093
53.498255212329916,2.472740587812315,480.1359284385769,0.3330470986875753,0.3330470986875753
164.47579576322786,1.590824434164115,484.40267668301044,2.558735789896402,2.558735789896402
102.47363961282068,2.0959728514048024,675.317199370902,0.7800693604265294,0.7800693604265294
106.93439697536394,2.306919638559534,487.88910004415874,5.207609784460357,5.207609784460357
44.02639503486988,1.9607925510838773,575.4686787212195,0.03655222211263301,0.03655222211263301
34.508272476282436,1.4837734001007474,712.8007302375765,0.0018754232103439196,0.0018754232103439196
151.02907525527775,2.1737397248034,713.5810072391364,4.646837312956221,4.646837312956221
109.36300742395396,2.0203016921195,581.3047090103439,1.5845716409675654,1.5845716409675654
98.63312647073232,2.17750070721685,716.875975310098,0.5909246808916281,0.5909246808916281
151.31148115743142,2.2236959474285047,735.4487184792226,4.725040118898036,4.725040118898036
157.79232181839976,2.470492441221694,661.9103005137041,4.17172909634568,4.17172909634568
48.60347018048364,1.988275936032052,491.3703409233681,0.1113873807999864,0.1113873807999864
129.84052690597542,1.7099693352287222,509.604712154219,2.1906840926695366,2.1906840926695366
44.3637348099834,2.0781574682802844,525.9364621634942,0.06499446477050011,0.06499446477050011
155.24751548522823,1.3821288510911514,446.7216430935808,1.2464570758115208,1.2464570758115208
138.25192812808513,2.376876781985904,509.263848147978,4.7793269675725405,4.7793269675725405
192.19063179502243,1.4432572136058361,483.80768972501284,2.051291050317032,2.051291050317032
32.41244294415581,1.6934114054629819,582.1314999234409,0.006025027409892646,0.006025027409892646
30.269849807225775,2.278894456751345,763.375019148906,0.003608094427421513,0.003608094427421513
70.79367344477603,2.0167748539968544,441.79212670158324,0.8432045656723404,0.8432045656723404
67.10702307246308,1.7723626243329305,688.1071695789583,0.07055725178980876,0.07055725178980876
64.45618383295997,1.8681227912500256,674.9132017652511,0.07840674505409072,0.07840674505409072
183.1258244937866,2.3254568718426163,438.30167946534306,2.0342872674103587,2.0342872674103587
64.9183159729111,1.7080052632718705,769.02896196232,0.03379740558327671,0.03379740558327671
68.95095070315358,2.3435796217746057,627.3888808627278,0.275591064625325,0.275591064625325
156.69168723523347,1.4057613171720298,545.4902084542737,0.8325436685544357,0.8325436685544357
100.9531716410972,2.232158124650357,702.6154333981226,0.7651673672882243,0.7651673672882243
159.8079002519326,2.3170571596656835,502.9461833606536,4.129581641762064,4.129581641762064
31.765908361589343,1.5181811834048065,677.4039348185281,0.0018586426421420723,0.0018586426421420723
107.76281486120918,1.8164158388466407,415.8844830288989,3.2711655810599236,3.2711655810599236
26.05044803299087,1.4985997295963869,735.7632150437088,0.0005640955486258172,0.0005640955486258172
31.277576621963814,2.1479249547930612,579.2683388085275,0.011123309161329342,0.011123309161329342
183.15874160199397,1.9424173216739882,654.6771657431767,3.694954922454072,3.694954922454072
45.06416680116713,2.0623880160499852,488.4951279226735,0.09269505747019793,0.09269505747019793
115.83572280953908,1.5357843603474535,670.8294850633793,0.3268758409112664,0.3268758409112664
93.99720846812718,1.5540950344629034,708.8961103573106,0.1331127929254943,0.1331127929254943
82.52179872659168,1.3497967906118877,589.2852747537595,0.06673712797555868,0.06673712797555868
181.97000222370903,1.6864810422348757,647.0907696247177,2.680811934724942,2.680811934724942
23.92821141958811,1.9716935936004099,582.5303695289595,0.002918545783016826,0.002918545783016826
139.48214351160604,2.3295218967967948,757.6365477031381,3.225879400385292,3.225879400385292
193.41099815843907,2.100312936950417,599.1476722057276,5.972165397605981,5.972165397605981
120.83027302313155,1.8224755880797017,736.7234836115276,0.6212500580231589,0.6212500580231589
188.62804316595654,2.443744137272965,720.5408233080994,4.444910631478135,4.444910631478135
29.406418271484277,2.1630942406909983,564.2019285393426,0.009787867474088595,0.009787867474088595
95.38279743334905,2.41619824343506,492.03379674299003,5.910756772895736,5.910756772895736
66.82840237316921,1.933105567926599,562.4328530239084,0.21849057633285512,0.21849057633285512
151.54777369653135,1.6106851297517675,730.4869503100881,0.7530091044033199,0.7530091044033199
196.63347628950442,1.3633920236376664,491.05301432775696,1.4670424350721751,1.4670424350721751
66.1754112399646,2.1713018217806206,609.7745383430997,0.213643042322539,0.213643042322539
137.7514282653334,1.445563597606641,722.4386991842989,0.31238111480752856,0.31238111480752856
55.65757389675322,1.6633301539263607,541.3909900513515,0.06738092443498295,0.06738092443498295
121.75944582288979,1.938965089460677,656.883854801079,1.243194224068519,1.243194224068519
103.50784760390052,1.9772999053356972,498.2526296195258,2.2331449227887985,2.2331449227887985
194.96095933367667,2.0206998363845634,443.711778147264,4.093157000289263,4.093157000289263
129.53490908536398,1.499506396419641,717.7536900371425,0.3294397000887254,0.3294397000887254
82.91114697562739,1.7556848857859786,439.58744936348273,0.8535243894386175,0.8535243894386175
40.53724127982801,2.04063307254036,508.5525580318338,0.048733050877276515,0.048733050877276515
47.224429172288225,2.4637826375605414,742.0437687989761,0.029599633137534755,0.029599633137534755
60.55704739122232,2.1731573652396263,538.5877148314669,0.2492082568350699,0.2492082568350699
65.17399904125364,2.4071245085127493,789.2181398056645,0.08501745127662377,0.08501745127662377
173.1108904114048,2.2146544699770123,791.8937339095439,5.234192706858366,5.234192706858366
121.02010189085449,2.0100603626708806,507.31040818142264,4.294450437546762,4.294450437546762
114.21036404738597,1.5304280429636135,416.3912888999562,1.346499301828155,1.346499301828155
40.65839693645914,2.1000227822710156,682.0253136821516,0.015792405138371792,0.015792405138371792
174.8251448028983,2.0480554791518886,580.3946010593374,4.156371407104978,4.156371407104978
150.10657457752706,2.02296300454872,440.3011375838305,5.5986256350463,5.5986256350463
32.180305142000286,1.887743041585889,683.0091275912171,0.004474746000235763,0.004474746000235763
147.41031750135835,1.9343879247871307,412.4699636447685,5.376419405694274,5.376419405694274
117.83687912167629,1.701331032541725,748.0786761968968,0.3980604142886436,0.3980604142886436
34.71056223442009,1.923175231170764,455.4610116453215,0.03388519574469967,0.03388519574469967
102.49411547515817,1.537067086814174,450.92475149869,0.7579626668942663,0.7579626668942663
107.24533168340845,2.266209276832452,470.2689191874338,4.83717395497878,4.83717395497878
49.83941722938964,1.5229323456384494,784.1065433968266,0.006400460374039551,0.006400460374039551
190.22566646005083,1.4019595478673597,677.2677441015385,0.7603591976760323,0.7603591976760323
172.99556686651914,1.8234952316285888,720.5486141854547,2.632897255838702,2.632897255838702
140.42402071923948,2.0899689274072744,559.0539942931011,4.239976242975548,4.239976242975548
103.21320098010929,1.8252601899202496,534.5250910019822,1.100667799154749,1.100667799154749
94.11779748521153,1.6321049583415703,493.793602713268,0.6225661225714879,0.6225661225714879
137.17522408717176,1.969805420668529,592.2592113249636,3.69250881812664,3.69250881812664
118.17773649324299,1.71640280249464,620.7314934136674,0.7923689505727914,0.7923689505727914
31.20915905873941,2.4194412281519595,652.7099374611022,0.008746250212692208,0.008746250212692208
112.2504767786597,2.4071741675242864,502.8474015994778,4.680157819674674,4.680157819674674
165.15265110191112,1.9028461839665147,779.4616323611963,1.9478110057718745,1.9478110057718745
102.66317796745246,1.6934607928219103,467.90339928285437,1.168869055656945,1.168869055656945
29.352183959768315,2.184558896747967,786.2612699065648,0.0025724564258197157,0.0025724564258197157
161.53007588912595,1.34405553217968,405.9424490030015,1.3124755311408447,1.3124755311408447
56.24548078447539,1.8697228072523815,592.4502767267383,0.07672574450706536,0.07672574450706536
66.55175027984697,1.7035880731244002,533.3471352466252,0.1632733533254786,0.1632733533254786
49.647143617813256,2.404643062123066,579.6493655721004,0.09920131052516393,0.09920131052516393
79.43871167686956,1.314403632727219,628.2658315923156,0.03698310532408099,0.03698310532408099
156.2152710239543,1.963377850862019,574.2356632050836,3.807033676144325,3.807033676144325
113.48945471070873,2.1887962972799513,565.9387401206379,3.654607236297803,3.654607236297803
56.87862934712826,1.8820215850288495,693.0893661653226,0.04291264794646453,0.04291264794646453
178.00941406736735,1.402483636195266,674.3505100345858,0.6343893910122632,0.6343893910122632
178.32473389127526,2.466953668033483,733.3085128143391,4.119676596572565,4.119676596572565
176.70411650828123,1.9216125176513175,499.98359249579823,5.489078347687953,5.489078347687953
62.98331804867707,2.0370234931828137,643.8114039016255,0.11449042818008248,0.11449042818008248
101.22308195257786,1.5839317392490089,634.0779141571415,0.2943115575781304,0.2943115575781304
197.2981381053575,1.8801977021281646,547.8951243490756,5.353826870886595,5.353826870886595
158.96224573579826,1.8149793903499862,594.4230167610724,3.397171179788404,3.397171179788404
24.89013582060077,1.3898750104023805,525.5128573222914,0.0011715616373044319,0.0011715616373044319
31.73682642688857,1.4273924242569607,456.73775904679405,0.006386469025742078,0.006386469025742078
103.5076478262199,2.3049670235425292,485.52048426509316,5.520412039414147,5.520412039414147
183.65963705508082,1.5877839426479083,442.20545856048045,3.774718200288537,3.774718200288537
116.96632363148856,1.5339499257983567,673.2278300760497,0.3314585237353047,0.3314585237353047
109.60625144617224,1.905893741500167,664.2909572436606,0.7599879395015332,0.7599879395015332
38.985265992193504,2.2224965576350155,780.2425486319491,0.008769721128433145,0.008769721128433145
138.22041885037294,1.3743358222947855,691.8713654588964,0.2535524710643236,0.2535524710643236
167.9785689080406,1.992169503565907,420.81833550245256,3.8098536418940254,3.8098536418940254
88.47560135136122,1.4430525314086882,753.6980695715818,0.05428885062510054,0.05428885062510054
159.61013316655894,1.343753260990742,745.0700651782903,0.2610341450009606,0.2610341450009606
193.60579770214608,1.3632927425946608,577.3281283090795,1.0256083950014279,1.0256083950014279
56.677962642984035,2.30099692985013,634.3452202111687,0.10765134656515554,0.10765134656515554
114.19933361505343,1.441566980353674,790.4313329890076,0.11863287667295251,0.11863287667295251
71.6848324552236,1.3541816372947504,612.9217455392666,0.03476300228697376,0.03476300228697376
162.71379542609108,1.825479864571495,762.1287313504358,1.5889970065377303,1.5889970065377303
123.96680585860835,2.31279216633043,433.2155031240746,5.964897832372941,5.964897832372941
134.2248351590547,1.6148900517871623,476.4207474834731,2.1139376053731245,2.1139376053731245
163.62454873086094,1.8060551410310997,576.3019773765271,3.3871379801335917,3.3871379801335917
91.27468507924188,1.3479070390765016,633.9027233349219,0.07308894877472098,0.07308894877472098
184.7162123132678,1.838894216961851,726.4911407451201,3.3358228688398883,3.3358228688398883
115.9451961043052,1.9931356967645604,795.3048460572747,0.559216104917893,0.559216104917893
48.43186811036264,1.985088464502574,555.5405985896466,0.06532392782864962,0.06532392782864962
145.26184127038442,1.6989120306092382,418.966254456034,3.258491262708726,3.258491262708726
162.7870430788858,1.6786398167957626,720.4686013181299,1.2306272964971587,1.2306272964971587
77.0171018721548,1.4279483427239175,641.7522876331233,0.05533086811628693,0.05533086811628693
174.29226625977554,1.740157984775522,479.41714354728066,4.146500555571855,4.146500555571855
183.10578585783796,1.4193936026475575,597.931382648568,1.0972212930709595,1.0972212930709595
69.84280772800561,2.219915133654462,696.9240982134897,0.1611414975989012,0.1611414975989012
197.03386508873996,2.459529157297823,708.1647148274575,6.258111841486715,6.258111841486715
45.32807504877651,2.4640893480000483,599.8473647995048,0.0610992630131467,0.0610992630131467
56.36282031244819,2.3380853192504727,522.0858120515436,0.25346766466306014,0.25346766466306014
53.16047106284471,2.020950579207543,789.4970328153975,0.02353845527158987,0.02353845527158987
180.91814780141667,2.141038836692656,665.3450443825972,3.8814198576240186,3.8814198576240186
137.77265941849313,1.6422469632164969,563.2950077385194,1.4343859549368432,1.4343859549368432
47.37877098000912,2.056924504207145,512.1852896818609,0.09305343521331819,0.09305343521331819
99.25821530630282,1.8467794593278528,692.4411932014249,0.3944336819287127,0.3944336819287127
130.75364451256436,1.878420807732319,496.8733782375071,3.718183079286863,3.718183079286863
35.023535298088994,2.2093318724501896,468.6839955894753,0.04581088399670447,0.04581088399670447
178.83494631332098,1.638302026716702,611.9335555848281,2.487229748601318,2.487229748601318
164.64863637947633,1.6816475340334238,515.9949570576567,2.9109629434640296,2.9109629434640296
110.93721924379489,2.409570149354364,651.562057969446,2.328025745367343,2.328025745367343
194.0827907466507,1.3674691538211667,447.17546994969337,1.7465314232992581,1.7465314232992581
95.19697626951795,1.8827611580960086,661.9764418269286,0.4302893560362218,0.4302893560362218
197.13985742656962,2.395360960489434,513.3186111990809,1.63949025496261,1.63949025496261
140.22559978465287,2.0324356093817886,400.0971737738051,5.053599347549539,5.053599347549539
134.24082918570946,1.9556884890545585,450.77442306967055,3.6857372520004303,3.6857372520004303
49.871881153241304,1.5996930150752262,773.4461511340376,0.00857819725327831,0.00857819725327831
178.7469964948359,1.711930586877338,746.9418556461432,1.7183942338736555,1.7183942338736555
96.94814382571073,2.3224580989656314,493.4436128144947,4.982467788368788,4.982467788368788
49.20201304084628,1.9710617581221497,711.3487618181964,0.024471498431908108,0.024471498431908108
22.269353595636627,1.917690632508136,643.4286372695897,0.0013484728253087665,0.0013484728253087665
120.75602305490887,1.4194956562480348,788.3618845799479,0.13260863944702148,0.13260863944702148
114.93193198208174,1.3192337877461477,549.4422638136236,0.21005164559207956,0.21005164559207956
149.48365202644854,2.4564222264244586,672.5842450068685,4.598855358431783,4.598855358431783
180.2464495432044,1.75238340074421,425.41428896956745,4.271723745599505,4.271723745599505
34.29318523574531,2.023855674519405,558.4989387265624,0.016161460913279337,0.016161460913279337
151.66936826126522,1.395658087824742,785.5270644752723,0.25580432924507673,0.25580432924507673
53.7341499375648,2.119737142867656,615.5923497800482,0.07924575607517768,0.07924575607517768
174.47186956828952,2.4190800504471532,515.1518013339378,3.33888822968044,3.33888822968044
167.4314324950981,1.9907983035969035,448.10838525144277,4.4121991455705105,4.4121991455705105
117.34287589739799,1.4513383868504928,681.4113360726121,0.23064067406515465,0.23064067406515465
147.84370375219606,1.9980658329681722,657.9424173718908,3.5756188130010784,3.5756188130010784
76.5830203730747,2.219616655725583,549.5754854415098,0.6610125766823275,0.6610125766823275
104.81022180790663,1.7876998438888223,780.3765407463337,0.26806537744220843,0.26806537744220843
167.8946415878849,2.3558052975297614,408.8811251951401,1.7910884032971102,1.7910884032971102
102.6677354911785,2.0784195440288373,521.4895406527303,2.287776690925217,2.287776690925217
84.40368775857952,2.379098701947043,768.4277945198326,0.28525730972961455,0.28525730972961455
108.95824050505398,2.0482063734968046,528.3741753277761,2.695705004254828,2.695705004254828
169.0848654386993,1.457545566405789,500.9011335420681,1.687329365031162,1.687329365031162
80.3374485267571,1.671630053326227,613.688163972499,0.1814001546229925,0.1814001546229925
51.27708676443388,1.5421539379029483,729.5206999682152,0.010211227137550162,0.010211227137550162
148.16252365954054,2.390591797260235,441.2587043513444,3.5433391113726307,3.5433391113726307
168.67607828745471,2.212480080744979,777.2082838582944,5.229341371652254,5.229341371652254
38.114746134236,2.111678042692007,718.0291524724656,0.009944909312405463,0.009944909312405463
63.17734029607005,1.661159583557946,472.50010222062076,0.19144893730359314,0.19144893730359314
45.5549581569789,1.5208537264602562,684.803184479265,0.007631248239959915,0.007631248239959915
82.62945408478998,2.207741305586694,553.9834890550228,0.8641041493898349,0.8641041493898349
101.06317620297428,1.8689895350548955,560.9178712305275,0.9612142016451387,0.9612142016451387
154.78874065339517,1.570947462580755,713.3160369755466,0.7507480999139171,0.7507480999139171
137.20656527870136,2.03994637379833,785.1139231922929,1.2278679724131203,1.2278679724131203
131.7671421461176,1.3484006225661425,450.6623491388776,0.6246211528949892,0.6246211528949892
83.42749038973778,1.6914043049539043,568.2520947515277,0.29822650200675443,0.29822650200675443
171.4605595552568,1.8622683935093616,592.3766432337214,3.502769958956181,3.502769958956181
104.83169013166962,1.477550000931287,550.5247267819991,0.35722609847905623,0.35722609847905623
196.23888884272782,2.4815853731090076,545.27564948649,2.7987714637737846,2.7987714637737846
134.14558489323264,1.550916837507537,420.9074670246386,2.167516008179541,2.167516008179541
42.72765348161049,1.4564237560519186,674.2154482250494,0.004976006571729099,0.004976006571729099
141.71196117357812,1.5442418486642757,574.4857668480181,0.99941078915181,0.99941078915181
78.51872277770582,2.2228733597916692,477.9175210575707,1.3306111090306025,1.3306111090306025
143.53889540349752,1.8106067911262114,726.4134009208274,1.1477643822233117,1.1477643822233117
32.53540666923303,1.9784991277030457,721.0242992606511,0.004313676526638874,0.004313676526638874
51.47865869167269,1.325210988383633,594.5566512355575,0.009180243754894986,0.009180243754894986
174.03270660304153,1.3413175702879776,519.3802644591042,0.8912370170427343,0.8912370170427343
60.89232026423268,1.8349906597924193,655.237090318581,0.06577202561023823,0.06577202561023823
170.6674025437292,2.279986291841948,515.2608543109612,3.981257634919213,3.981257634919213
70.26969592179387,2.362286654449078,494.4031721294848,0.8680802174575634,0.8680802174575634
135.7187438105674,1.4040478811147683,692.2058616105306,0.2795827484672425,0.2795827484672425
144.94710323176957,1.9460357225212275,416.1300958883803,5.576706318625995,5.576706318625995
112.27785556610952,2.3958756235351246,437.90738841383757,4.083264913940699,4.083264913940699
74.95592180541163,1.7655673052774636,402.7152696094359,0.8381843135347952,0.8381843135347952
58.2759877467973,2.295478997714042,461.17727459017044,0.47942647159113067,0.47942647159113067
25.974083821236718,1.4604347852793236,427.59600348418377,0.004265944055019149,0.004265944055019149
74.71035222333029,2.422473387601358,798.3209471119674,0.14780267193977092,0.14780267193977092
137.56930229563096,2.201707981037563,515.5239879816359,3.932387213994197,3.932387213994197
188.8948673207269,2.429601271344282,459.7072050676989,2.5914106663807064,2.5914106663807064
176.81680680734937,2.111940680263008,496.39850319836717,4.218934680699308,4.218934680699308
157.89165977635446,1.7360847183993124,774.4502286160539,1.0422459308194398,1.0422459308194398
161.92052178559376,2.425817407029667,608.0640892097583,4.722542755858662,4.722542755858662
139.69728262567915,1.6306801315710142,545.9272385231427,1.6231339453921871,1.6231339453921871
66.85163436188054,1.6986070264740791,749.3565831636877,0.04139733666853325,0.04139733666853325
183.29510552704937,2.1409701016020883,557.996108219613,5.298958426033003,5.298958426033003
140.73181614305014,2.2183795594304634,534.0034279830784,3.950274653349398,3.950274653349398
120.87931357647919,2.4152841806189844,482.9130090198942,4.07322048003843,4.07322048003843
39.97810445842659,1.5457628908674514,551.1187295637646,0.01172644090339374,0.01172644090339374
100.46999788515657,2.257597642263069,526.6737424067704,3.291962309789401,3.291962309789401
102.86448881634674,2.1862552640763564,670.9215837192564,0.9377457379120755,0.9377457379120755
175.6214497140806,1.3765534675043174,515.8330818682908,1.1523324039933214,1.1523324039933214
118.39667963380192,1.7646677694522483,630.8798985690246,0.8593042327290469,0.8593042327290469
88.47209881467374,1.6393185484721182,426.35686601278906,0.82620405371961,0.82620405371961
195.8240591319187,1.6653885092248366,476.51566267860574,4.358657883116309,4.358657883116309
39.92970679873682,2.479536255465641,562.9621086445395,0.04728566649260604,0.04728566649260604
96.05871709615003,2.0713328961759134,774.7797015634782,0.3272288396973755,0.3272288396973755
27.564441530852953,2.1612113893521996,550.9007942862781,0.008263773726113236,0.008263773726113236
153.18274173804747,2.471941164778011,665.6296484799336,4.327188957721912,4.327188957721912
185.25377939584712,1.7526421389491664,502.03488896855924,4.497066940573319,4.497066940573319
70.4067193190881,2.262208202143367,450.8134303892927,1.138406753214247,1.138406753214247
174.50150182384175,1.8214371559653943,423.41464003202003,4.2677232492308494,4.2677232492308494
72.5992814831416,2.343440406177976,522.1653994171005,0.7696851483842488,0.7696851483842488
183.93862909590473,1.5167890495735639,463.06441071876316,2.684657108906376,2.684657108906376
155.7131426474211,2.4372234124771355,469.60417920644966,3.50354915034736,3.50354915034736
164.88321983145894,1.5625260500930556,704.30372335478,0.9121227621041682,0.9121227621041682
23.24118000808181,1.6914646083771179,406.3352283779497,0.006687367991634318,0.006687367991634318
193.30586427332466,2.2074306809281365,623.1240502941738,5.9786049974657685,5.9786049974657685
150.80077857265817,1.772506169878488,551.7845522373859,3.1868959493744464,3.1868959493744464
74.855197169504,2.029853652119736,602.6199999634189,0.3092690768817254,0.3092690768817254
169.29103967459244,1.8334882012833142,625.1320948858412,3.516725063945879,3.516725063945879
70.6738157146874,2.190843924507738,525.3470777829112,0.5477433073123762,0.5477433073123762
177.09569112190303,1.573997502842333,518.0435440737141,2.477555321331263,2.477555321331263
40.264470274148664,1.3701495846842524,693.3607397339623,0.0024036352183021965,0.0024036352183021965
146.66347594294325,1.6599152769676795,748.5107952484628,0.7383009001156653,0.7383009001156653
117.32572579608386,1.8691703978421164,477.03265298341114,3.3378674623643505,3.3378674623643505
37.37620463517935,1.5016240626312143,439.0475042140596,0.019192553167703547,0.019192553167703547
63.540889086591015,1.7257567475876665,759.1183225568104,0.034022354263614614,0.034022354263614614
22.23272652991666,1.7799796219522823,539.9581854589594,0.002140033989809075,0.002140033989809075
104.37823378361105,1.3688702124259282,620.5269562651256,0.1421801724529677,0.1421801724529677
74.22774693680006,1.9999686978210454,543.8172578080014,0.43424883922146446,0.43424883922146446
127.70434717359659,2.361212113565545,450.32093453842054,6.361499747013343,6.361499747013343
73.50280538755109,1.482091495543663,635.7326579790912,0.060066527974934024,0.060066527974934024
73.98544007125724,2.017369616081817,610.0563407078519,0.27431679631622885,0.27431679631622885
153.7747757716886,2.0976870458930157,481.1974236764789,6.000110541099695,6.000110541099695
28.66571047610362,1.803201616503146,580.7476178609111,0.0046561785506657296,0.0046561785506657296
182.52109913455772,2.141317104837124,718.7790016062584,4.121553439198904,4.121553439198904
173.40749739041266,1.7928778521892146,636.1704412431566,3.3081182659636785,3.3081182659636785
140.20484298075317,1.9055647455729219,438.76693082679793,3.935610601511533,3.935610601511533
126.77988261932917,1.3088236534653124,619.208598891654,0.18458777471835228,0.18458777471835228
180.6144496651374,2.1300641369616264,681.0953197158348,3.923888958849099,3.923888958849099
53.3594323151686,2.093611214733669,717.0813623123006,0.03924872490880504,0.03924872490880504
34.21444919434915,1.3460810527916136,651.6470314537067,0.0014222431744733929,0.0014222431744733929
63.11183058371686,1.7419001288741598,461.0632658163135,0.25928037042231816,0.25928037042231816
163.02409016603426,2.474838208950001,684.0693066360643,4.171369767470944,4.171369767470944
26.240648010766996,1.8048838750823402,670.9367384326065,0.0018235630049130108,0.0018235630049130108
124.90523031502813,1.90233448615821,409.77075317625327,3.5999983685078876,3.5999983685078876
199.1787529144358,2.3919161897916625,564.6990670360973,3.0331922199969634,3.0331922199969634
174.0252968907571,2.1607142510389075,533.1800987849493,5.224931777711855,5.224931777711855
113.8602240278461,1.9984841573490684,667.7648257014573,1.0311259155000485,1.0311259155000485
31.45536367159562,2.257365617609287,486.4543249243683,0.026325496261480726,0.026325496261480726
169.64723258942777,2.337239519747168,636.3487691897034,4.167965061713439,4.167965061713439
127.8161314718979,1.8482656860847202,765.2823847256689,0.702621894265342,0.702621894265342
40.68793947072203,1.8701300379182024,719.1209488834431,0.009142911623792147,0.009142911623792147
36.89431126820412,1.763261122782203,768.5830944866121,0.0038469608698392067,0.0038469608698392067
183.73282749858663,2.4600473680221526,791.4023867730759,4.291849270541016,4.291849270541016
140.4560473288541,2.1365995051484203,404.2680508024651,4.35855288924293,4.35855288924293
169.271623877016,1.3998676794496867,649.0965105509911,0.6043916299920239,0.6043916299920239
178.2162020508081,2.335551547975622,565.1357591035626,4.07435859432266,4.07435859432266
122.91902336869799,1.8766719290035216,743.9417961340487,0.7186379709329036,0.7186379709329036
113.14034331590743,1.382504687706985,500.7258808036527,0.37480373858547616,0.37480373858547616
97.47693385777823,1.9596607061959732,792.4117956460304,0.264293914273855,0.264293914273855
77.05038580240148,1.8005971347708425,645.4831878174989,0.1716230287515475,0.1716230287515475
98.22727295456812,2.35329928583515,717.4149608915324,0.7286022259557574,0.7286022259557574
159.29833803142816,1.544793524331265,434.2398211291073,2.5019535500893513,2.5019535500893513
128.34621758272368,2.2917575313906196,473.38315390354603,4.159613581270915,4.159613581270915
180.65419219187228,1.9692264294225432,703.3614692136813,4.056724440450437,4.056724440450437
99.80840258825378,1.365532363856163,408.7946088157294,0.41995489345034676,0.41995489345034676
129.27612416937572,2.4662143615905814,726.7511943575131,3.8935362744156854,3.8935362744156854
133.63535955655797,1.91513829292384,405.5796074767646,4.511914246156474,4.511914246156474
126.5054892151386,1.649052225077899,662.8475356245093,0.658319985444964,0.658319985444964
146.47407915539293,1.8632882103871098,546.0375680927224,3.6473709766695896,3.6473709766695896
62.73802430746513,2.3294293402209867,644.5979410876796,0.16016058133030295,0.16016058133030295
112.22547995824232,1.6658837492620762,678.4125627956455,0.42992121897301633,0.42992121897301633
38.76046450550258,1.5312116757840404,536.9900876745216,0.010964193289502664,0.010964193289502664
89.21203897606625,1.4548854963170579,443.1849792443342,0.3834696313235485,0.3834696313235485
107.7800723518276,1.6574312780682536,427.85834709930623,1.7041882941805968,1.7041882941805968
137.40036671818504,2.236057704448052,635.5744090250191,5.329700021332996,5.329700021332996
191.09558946551664,1.8659516382343142,608.2621414936445,3.5880180548252167,3.5880180548252167
128.11719197870406,1.572977924432248,696.880403648453,0.4582716113914859,0.4582716113914859
153.84690491178077,1.499421999531699,603.8942040015748,0.9132298709214198,0.9132298709214198
111.1278907091365,1.699275371812455,568.9783160123517,0.8194579881290653,0.8194579881290653
134.13872564773965,2.4279092474628508,559.2348712944923,4.167274156354754,4.167274156354754
32.767798904079214,1.7116320551080293,410.578761039067,0.027113874219460835,0.027113874219460835
65.79048455153246,2.4857488911455627,534.2228806786628,0.5272325871213088,0.5272325871213088
85.13355677692496,1.8822765469184275,790.4080630097976,0.13255365942827257,0.13255365942827257
105.04880390117245,1.5149967019481811,749.4222304908355,0.14301497405824376,0.14301497405824376
28.21677419042907,2.3693681101522115,531.751226813687,0.012880833075529632,0.012880833075529632
45.20433755959718,1.8524264477617924,635.1181620265488,0.022649297382430933,0.022649297382430933
69.82657540243504,2.1516056122054295,738.9186982141975,0.11545157755457874,0.11545157755457874
194.8758843621891,2.480453899850982,576.5097347000275,3.0237711585146236,3.0237711585146236
79.64246127854913,1.3602104203839689,407.1831455000604,0.2201624534832277,0.2201624534832277
106.76739046017485,1.4160334717450807,429.804184727456,0.5737560330411643,0.5737560330411643
55.29758829291073,2.1645480897553075,604.1570885394826,0.10242628714126052,0.10242628714126052
129.9404127936383,1.6381900039545665,787.7757502703514,0.39228750508387084,0.39228750508387084
70.52297879287538,1.521161676340119,677.2838168875471,0.04595519487589594,0.04595519487589594
57.25866411891682,1.3472342557836754,428.3664765754278,0.0553756801665438,0.0553756801665438
112.98307312027623,1.3262160543834423,475.7443503167451,0.31001692810705117,0.31001692810705117
20.991043848875748,2.229382723743749,708.52925728674,0.0010572518639505744,0.0010572518639505744
21.37952587686056,1.46132011284346,736.575903982498,0.00022264985334462055,0.00022264985334462055
59.4323856383344,1.8612647391653812,647.0778344754364,0.06585973102083163,0.06585973102083163
26.609845250147806,2.0270761782153794,657.7692678519267,0.002960086453206717,0.002960086453206717
39.444635743524444,1.8140221606826157,411.33498015335385,0.07182286338629607,0.07182286338629607
80.9949168809753,1.3325279828034797,731.4121038326034,0.02494094817935092,0.02494094817935092
164.4654223243663,2.2402018031054904,715.3100832683319,4.807712596057417,4.807712596057417
122.96875580647415,1.3126158694499843,503.61405764133883,0.30561873899317504,0.30561873899317504
112.28019067215496,2.2142678732529806,683.4706879862028,1.3106243413868555,1.3106243413868555
72.82798817746189,2.3719653925457473,485.94184256999927,1.1137571955398495,1.1137571955398495
187.71566949790696,1.8194079052686067,416.1320644206052,4.332028543612491,4.332028543612491
91.4627074226945,1.9426509677173578,480.4546170361509,1.3863113408022016,1.3863113408022016
35.67669802323887,1.8723800711411847,471.4515507017198,0.03019538695806581,0.03019538695806581
131.07197290120422,1.7670503423481265,535.0991986939389,2.327883276880069,2.327883276880069
40.490910825788255,2.364909442444432,567.3797988701832,0.04406157834726042,0.04406157834726042
82.14016570430458,2.372720212803989,603.4155565990832,0.727172245921857,0.727172245921857
111.3341489692056,1.7029796375698414,590.7015502033313,0.7393532489856438,0.7393532489856438
177.36005444333165,2.0380837048176375,508.2698423861157,5.082967799852238,5.082967799852238
108.83838446122137,2.412289074575037,411.6682674296298,4.423382098713608,4.423382098713608
146.40657788569956,2.454470198729622,642.0406488948603,4.405157741391502,4.405157741391502
198.70703101983267,1.910750848506457,558.2979319389417,5.446172157083891,5.446172157083891
43.66804158163669,1.843389766341192,519.4688629550199,0.0441773184717622,0.0441773184717622
69.45167459351352,1.634433179114231,746.7764171322049,0.04154270847357128,0.04154270847357128
91.02369360757635,2.450646247828492,698.697323119264,0.6540609848554672,0.6540609848554672
95.92907213698965,1.4713771653674408,743.1062193489769,0.0881896113621598,0.0881896113621598
93.98379354779824,1.9957954912572702,597.9931178849844,0.7535186796702469,0.7535186796702469
183.36998046017987,1.6390603210223667,452.372500850711,4.132289522785583,4.132289522785583
148.52587600403416,1.634809948417356,678.488574448509,0.9590794105968821,0.9590794105968821
129.42293853632668,1.7859623048514262,482.4295119748701,3.2127915632957116,3.2127915632957116
75.68708921530077,2.4985515229787856,576.4918676366867,0.7132529072701486,0.7132529072701486
168.28226915983305,1.3659595682077865,426.0003155795554,1.4518686465767703,1.4518686465767703
191.91089206729802,1.9942501818442377,730.123360969193,3.9786222871056314,3.9786222871056314
167.81569085904079,1.3990865896423326,450.37625641900024,1.5430942957815694,1.5430942957815694
20.281718934465122,1.4854249959886228,761.2390028197239,0.00017254812139909934,0.00017254812139909934
134.55224663301328,1.8274755301274785,745.6922409046228,0.8784315229316403,0.8784315229316403
29.20436865957813,1.9125521576157296,585.8331057756984,0.005856405271112413,0.005856405271112413
66.36929966006994,1.6105508900374288,697.7472817215962,0.04254042882640281,0.04254042882640281
30.714446062598903,1.6797485570492994,647.7780295272613,0.0030502135359101825,0.0030502135359101825
128.68318153088978,1.4043604243071197,721.2302569350979,0.208165877556733,0.208165877556733
143.58618442866924,1.6638637406131007,572.7220403143648,1.7165747180184843,1.7165747180184843
40.60777485186292,2.4598701272566528,714.32339369774,0.018436237226995864,0.018436237226995864
89.09099894809631,2.433648858006978,584.9827268260592,1.3115530741634567,1.3115530741634567
102.12257161199756,1.701853948164382,776.3863151371175,0.20035568097781156,0.20035568097781156
86.42954391696499,1.9850247235345138,594.548840330059,0.5449991591022583,0.5449991591022583
41.78450008733475,2.391514469333133,585.0477087734919,0.04526150563251379,0.04526150563251379
95.41060223374558,1.307420587169076,714.0287446254051,0.04344579035796015,0.04344579035796015
155.21204860551526,2.2728202844051104,728.6310767043351,5.482522825104353,5.482522825104353
32.78137961598598,2.4380434633467027,621.7956457284683,0.013267677647944546,0.013267677647944546
34.43240253474262,1.4095908812002684,471.91912539803013,0.007179083725161167,0.007179083725161167
83.85883253047716,1.4937372232395052,587.1032923830318,0.1414366500217172,0.1414366500217172
189.51062809140652,2.4528955633256264,787.2290011638713,4.145826258283464,4.145826258283464
140.34307641012452,1.9450481723684154,701.194477215674,1.708438775879984,1.708438775879984
142.16059220106166,1.3170359613660685,724.4650415516528,0.1716188945436392,0.1716188945436392
85.14559835081569,1.609158398516235,413.13019952769605,0.7346435518694623,0.7346435518694623
126.85894241753692,1.8399324091226315,587.1437850536639,1.744959914263544,1.744959914263544
21.82361312499381,2.131490693229721,658.6484534630222,0.0014986599451490318,0.0014986599451490318
134.49728835371758,2.1797924537641595,732.01307345123,2.07378533186457,2.07378533186457
184.3916505637226,2.4945058155105473,419.7094614331086,1.6021402087226368,1.6021402087226368
130.26322430206744,1.645013439260511,740.9755542567493,0.49836583680666185,0.49836583680666185
177.2657468239421,1.9458641222421704,619.3603746967647,3.6494873303712527,3.6494873303712527
150.31514998389687,1.939988257431526,478.92558823042395,3.962302121676365,3.962302121676365
41.70051495266425,1.786774311336685,526.90208657988,0.030860140151313727,0.030860140151313727
182.44159531145152,1.5029942726109042,512.7718207006243,2.1347709133563972,2.1347709133563972
31.95989198403948,2.472947875820611,612.3436137153903,0.013075426726779143,0.013075426726779143
116.11414505859749,2.323980623999903,420.6742719644527,4.691103404786483,4.691103404786483
45.58468228282238,1.8979996339530847,463.4144633999694,0.09358516175783997,0.09358516175783997
22.107189931562733,2.023894507220836,725.0772173503129,0.000940449184453265,0.000940449184453265
95.96616682297503,1.5727132642715949,453.0415962987244,0.7040471676201063,0.7040471676201063
73.10732737774812,1.9525444844700963,493.3585077832508,0.5539748325096973,0.5539748325096973
107.48008888356854,2.133964159745771,581.3482422416629,1.9134091013597336,1.9134091013597336
123.89597961221915,1.9182004340639067,606.8483552453322,1.7284089607001882,1.7284089607001882
27.873033015610524,2.4883422047019295,705.4441918456635,0.004225050023657723,0.004225050023657723
42.14059312227421,2.0336099874972713,578.9329706664751,0.03307108942100508,0.03307108942100508
120.55563136107656,1.7451684551106028,715.9458484142156,0.5667532691142029,0.5667532691142029
81.77012357107847,2.2265824331390056,647.338522818183,0.4394744718771306,0.4394744718771306
151.25122775890063,1.5045550138979704,445.23989576952897,2.029820309690695,2.029820309690695
137.41249674654915,1.7614189764475199,462.53257535713544,3.2011267251019775,3.2011267251019775
172.20878533818322,1.716350740453103,574.8134901799083,3.0184035602099613,3.0184035602099613
144.64870880046055,1.818168514129333,558.7557572356159,3.2798402873037307,3.2798402873037307
97.38759393022666,2.2381357911144715,697.4177078549178,0.6839062634361931,0.6839062634361931
141.13399203099783,1.881007638596089,632.2948559189408,2.3181398818609984,2.3181398818609984
69.56861136597533,2.2528173403191554,555.2532324008997,0.4386562650398156,0.4386562650398156
75.13642978007829,1.991786683767839,468.30411338015426,0.8093923209365197,0.8093923209365197
162.0173287857428,1.7104833215890665,490.73484093019806,3.099099200955699,3.099099200955699
100.3555129522848,2.271974492420167,630.2004073876236,1.2584025803153571,1.2584025803153571
163.70846129330346,1.58594760466371,569.375521959917,1.9972040733863787,1.9972040733863787
168.03602726029013,1.5692595757597547,605.9710035442688,1.6657726170639005,1.6657726170639005
174.36122077903107,1.905403508865803,468.27097412089347,4.986726173124485,4.986726173124485
184.9943424514173,1.6130190951545067,665.1625009378263,2.0207556137175877,2.0207556137175877
97.57733969239332,1.3109044419414597,741.0154963423868,0.04208487000088468,0.04208487000088468
77.39602729780499,2.0779570327585617,503.17580271476027,0.799347598056344,0.799347598056344
124.7957743869405,1.9133125857668776,596.6056903327307,1.896712419594106,1.896712419594106
86.81103621877297,1.8346213773917934,790.2109316083607,0.13113827413085305,0.13113827413085305
128.19335002404193,2.460362217541978,533.2966962202911,4.1484274180606935,4.1484274180606935
147.00545527588844,1.9854390207554964,638.0185379695045,3.792537534121208,3.792537534121208
143.91290332858463,2.3361178933472617,436.0782800800977,3.7825034331919394,3.7825034331919394
87.41951966362184,1.4673402834461922,642.4060009917773,0.10599304481164973,0.10599304481164973
50.03483630577551,1.9830477557553132,435.85270932184716,0.2062313973966353,0.2062313973966353
97.49528092319736,2.3415755520770833,783.6941741295288,0.4727158881998963,0.4727158881998963
45.66694593474357,1.9997269087358776,686.2650608289246,0.02175864771775787,0.02175864771775787
180.2174663330855,2.161617013752402,715.2639152542826,4.1499167803721955,4.1499167803721955
82.25794293281433,1.7464522813746488,681.6417443086548,0.15866565752851736,0.15866565752851736
47.80275450019828,1.41093942044448,635.8916144305863,0.008133713372469455,0.008133713372469455
24.58059678303516,1.8494803541524858,579.9651124342022,0.0027329105914541576,0.0027329105914541576
136.24802953156717,1.7733752690066291,743.349351904425,0.8124565761081116,0.8124565761081116
134.6424171418538,2.340472218854737,782.7342670172252,2.103452873816627,2.103452873816627
81.3087499846325,1.5927943628229668,599.6144691616325,0.1648736618753276,0.1648736618753276
32.90813999257718,2.4600810730421294,772.6140196621047,0.005621574660528963,0.005621574660528963
93.73320108114176,2.4497657437653952,633.333163995407,1.1696800081052345,1.1696800081052345
76.01914911141085,1.5971579716857265,615.3536747585733,0.1162542420301695,0.1162542420301695
141.8817151523017,1.7176623465727845,581.7930931821427,1.8962418660166749,1.8962418660166749
129.04026490148425,2.3746668890486617,483.7151046120479,4.3457189460760715,4.3457189460760715
85.6268710755572,2.459946665075329,401.4878643272237,5.039012367497332,5.039012367497332
59.22065976589822,1.832126923403253,496.6024907424245,0.1827260954436729,0.1827260954436729
197.84647390800654,1.6851964547690774,603.889268641426,2.965155792228702,2.965155792228702
101.72029181530067,1.9313128159018504,551.983980903901,1.196243071888939,1.196243071888939
143.88936244044265,2.125323047638882,579.3940912010535,4.291504391656341,4.291504391656341
45.29953416410494,1.6281694184499758,792.2592878256198,0.005708206556156698,0.005708206556156698
107.40614593869161,2.1837678095428874,540.108948267731,3.4025584389786196,3.4025584389786196
24.956609576503787,1.3619888285375692,580.8731757440431,0.0006940038598713359,0.0006940038598713359
110.98192122388099,1.3591533913172997,453.4062205411278,0.40787042904942294,0.40787042904942294
193.52313328118643,1.7635452461746544,419.18309297479504,4.3190744233819744,4.3190744233819744
89.15720833744405,1.7241678304728647,710.1638058369979,0.17620519036676424,0.17620519036676424
27.019282263484087,1.6787598584405827,628.2732700287914,0.002053509849662706,0.002053509849662706
25.572042365481835,1.889223715202692,704.281922417558,0.001564143948718564,0.001564143948718564
89.83761679043651,1.6848802987738856,459.94511955462065,0.7866040812502179,0.7866040812502179
48.80448856337493,1.5307095021617103,628.7315084730764,0.014658467126517138,0.014658467126517138
24.203377339073462,1.671363458906321,501.4569897365502,0.0032123916756538265,0.0032123916756538265
156.11845051103182,2.469885127372282,491.22472676000797,3.6110480560888436,3.6110480560888436
102.53414159874032,1.7933361003938184,404.6104056211941,2.8950851779277675,2.8950851779277675
72.06405895507781,1.8336553322300029,452.13628942762875,0.5738680011922797,0.5738680011922797
182.01497294296652,1.9918539879413681,523.7072445998781,5.485406286741881,5.485406286741881
40.90501283609461,2.480008922097072,446.75150423637564,0.141378315493388,0.141378315493388
192.06538921195747,1.5899215317229156,794.3433761643751,1.1239714666899365,1.1239714666899365
76.51400912792352,2.1175385326389207,523.4530594095803,0.6941977818713378,0.6941977818713378
179.91266101556263,2.159181632250069,452.1295786809313,4.472861210669188,4.472861210669188
128.52971776630307,2.0287893001516792,479.63292513118313,3.8916469359072243,3.8916469359072243
168.80732475346775,1.406294007563973,635.0812913365905,0.6603975995169042,0.6603975995169042
197.12236937788356,2.1122467309930917,425.6174095459154,2.59033149798173,2.59033149798173
71.91297880737423,1.3769136532434105,744.9736520564627,0.018606128664304042,0.018606128664304042
193.00438737336674,2.0153711794598763,784.5998716948588,4.311554389220043,4.311554389220043
90.10674108243566,2.187497412666091,498.69896826695236,1.9348650663326226,1.9348650663326226
89.39214285264602,1.5531638687439404,580.0381074363438,0.233399607096836,0.233399607096836
81.26967876581102,2.309946409051329,408.8537804117988,5.102769597959237,5.102769597959237
117.45336932256534,1.336424566639605,656.2840898908886,0.14502515355776152,0.14502515355776152
47.74610777212767,2.3125754363899675,565.5704232210355,0.08546769202813582,0.08546769202813582
119.66806736444201,1.852394860771318,508.0233864406223,2.6902810646469884,2.6902810646469884
117.50686623380072,1.5611055279179733,482.7348442466434,1.0254791579519729,1.0254791579519729
157.1423262688766,1.4605337739927617,661.6092310635042,0.6254220557725969,0.6254220557725969
170.0569931487654,2.443968601098847,566.4868124129258,3.7673339270756,3.7673339270756
99.27944305623633,1.3871987050973882,471.86371561196484,0.3154626456521529,0.3154626456521529
74.41998488326888,1.5389121039231108,675.6436325947296,0.06109801976271899,0.06109801976271899
66.680281517077,1.7173868169196551,626.0289132146775,0.08920590778080487,0.08920590778080487
55.03229060687695,2.0442818187533445,743.4688219717984,0.035979125104514884,0.035979125104514884
30.37656479582448,1.953761302331318,446.9903595505972,0.022166716939121898,0.022166716939121898
81.6406361902484,1.4507721908947768,714.2666407777824,0.05057805950800991,0.05057805950800991
68.64458458354099,1.6476735804858575,669.4067147269036,0.06395113907967746,0.06395113907967746
193.9551294559533,1.586502125303229,446.0043747312391,3.9125841493701556,3.9125841493701556
120.3875887250079,1.5562514253884097,677.9282919486883,0.3863101823824286,0.3863101823824286
82.50986702549136,1.7933732037759844,576.6189155519321,0.3482674310828486,0.3482674310828486
124.48416817886527,2.1448377431099885,777.9939142223373,1.0452682902720332,1.0452682902720332
45.05540624222519,1.5609435186606833,456.64454024715974,0.04237722941430646,0.04237722941430646
99.92787485639653,1.7400146556435776,657.1333563262951,0.38643172210020593,0.38643172210020593
132.72217785579147,1.7691009122093948,552.7920181851784,2.1570290867942608,2.1570290867942608
108.00160972264125,2.471747835322492,782.7258682363511,0.8683873850175309,0.8683873850175309
92.32018411777837,2.4455996282548824,531.9899581161105,2.953203098565222,2.953203098565222
198.89271000194566,2.2601650993024913,784.87436379672,4.043538531873652,4.043538531873652
178.45665718680686,1.5899907049830222,760.5943404402997,1.0188631109707538,1.0188631109707538
132.21307246869924,1.3816447769100038,508.1532941242625,0.5443142444687261,0.5443142444687261
122.4879250128109,1.6802849652647498,721.4167107305711,0.49046169522710936,0.49046169522710936
131.71888636842513,1.620153459320597,798.2416807214024,0.3717419584755204,0.3717419584755204
56.236179408037984,1.9071109601756726,501.06520086851293,0.16458637684693658,0.16458637684693658
91.12479378757735,2.2332734920813517,574.7108677293279,1.1612231747439614,1.1612231747439614
27.102715920361877,2.3299875266546297,608.0722946267039,0.006086142965806783,0.006086142965806783
105.5982867476288,2.31383690249261,517.9724543215457,5.588157467636204,5.588157467636204
117.74442511237937,1.7316106734676813,406.1059358584119,3.0655764549728786,3.0655764549728786
60.994952498577724,2.1246812121528196,488.05169767901066,0.3659728361365258,0.3659728361365258
193.52519248979246,1.6754010370290642,512.7747537367034,3.879735899910593,3.879735899910593
183.70182996870355,1.3730866518822193,577.4398805272749,0.9395785879439581,0.9395785879439581
149.98578238206306,2.141878318723531,468.44099136536073,5.87309833829538,5.87309833829538
116.00959317776527,1.3117930630837455,749.301742676669,0.07606698186599746,0.07606698186599746
176.5944487365833,1.7910191049501862,681.9644530925344,3.0509035943675644,3.0509035943675644
43.517421888223325,1.6952551231624908,434.0801910238648,0.06603600916887303,0.06603600916887303
162.2917629694793,2.132053046222623,660.0369804559725,4.3609521537802545,4.3609521537802545
42.4677465140327,2.219494567312455,661.4625905622481,0.0245777564747392,0.0245777564747392
162.95791925889299,1.6649135631655407,782.4884694574511,0.9046204366978708,0.9046204366978708
69.63816228524425,2.2739524173338244,401.2083485424645,1.905900996754473,1.905900996754473
177.87630458327402,1.6527001126059204,499.1729799223229,3.112629795039069,3.112629795039069
189.92757688857162,1.8355916319838737,771.1165917501262,3.026146415421122,3.026146415421122
46.78327449292081,2.172422232416961,772.8535661593132,0.01830344811434357,0.01830344811434357
103.28160891177083,2.131504275069746,688.2345677482549,0.7894232085861436,0.7894232085861436
196.57772806928332,2.48484216677464,706.305328419016,5.695419699745607,5.695419699745607
107.01333847516639,1.5701932290591183,436.59318317185887,1.0879510555512981,1.0879510555512981
175.43855405261812,2.094781496247499,605.5503339112935,3.984923479497552,3.984923479497552
125.97167398363757,2.031618289930933,492.63319651559976,4.140338324571643,4.140338324571643
87.55938342552834,2.398118145388036,472.4872174454469,4.302028820390923,4.302028820390923
71.44103999465663,1.48763456997385,724.121319649333,0.032820729346069895,0.032820729346069895
56.580156395495706,2.2021577963043195,454.015254672219,0.4018847294425344,0.4018847294425344
157.1236744479855,1.981922339522522,587.4606547985541,3.889657802627833,3.889657802627833
89.57729122814501,1.6295990437454866,775.4312958344133,0.09815325185709639,0.09815325185709639
112.0295831961352,1.8693218969766088,474.332822226137,2.887960737865238,2.887960737865238
108.61858640021275,1.7005319164837573,791.1973694952939,0.23609971139954913,0.23609971139954913
123.91022526196362,1.995176083346153,797.7151943044237,0.7194116261336744,0.7194116261336744
175.8038862124194,2.366800732977599,622.2468618729612,6.3294802099122975,6.3294802099122975
196.53308184501728,1.9831659812946425,468.05709607086317,4.104006578172603,4.104006578172603
93.36515754328705,2.058066901991901,526.4419551763583,1.3492821101191401,1.3492821101191401
168.95340597913454,1.9224974165376514,569.7971330706141,3.5993409713576288,3.5993409713576288
157.61500303784916,1.3613986077345712,523.7296897432892,0.7392233317755195,0.7392233317755195
123.23521126200319,1.579430268251313,512.2542319506063,1.061103180678718,1.061103180678718
192.08848585014795,1.8904020753184994,788.891883686543,3.4455618927921323,3.4455618927921323
56.085412795112504,1.6722823404936458,461.3459309662983,0.13552445636116003,0.13552445636116003
39.66755785573186,1.518116317313433,693.3311634867449,0.004127909374374915,0.004127909374374915
173.71315405197598,1.904959410302126,400.1641157756699,4.23070202517932,4.23070202517932
99.0469669940747,1.6873717521374205,638.4730677609507,0.3623708657633221,0.3623708657633221
172.45439375727088,1.6097291718080977,766.377201581621,0.9593169286874965,0.9593169286874965
180.75623693517468,1.8567825009284569,515.1736376372876,4.99656250462009,4.99656250462009
31.24236685143286,1.459941109698608,474.21039010308766,0.005892278596783448,0.005892278596783448
179.02365733749093,2.413294879690489,660.6719179513708,5.235571647662887,5.235571647662887
100.69742996649599,2.341242517503087,685.0405629193573,0.9793742105780056,0.9793742105780056
111.8778480207618,2.1491447028886426,675.2122075807926,1.2142041963204695,1.2142041963204695
132.78665199677783,1.4274565931061476,527.7267520085496,0.6291757184296332,0.6291757184296332
186.7488692114156,2.2310527053636315,500.88096086373235,3.321119835958382,3.321119835958382
23.440896997357527,2.2695487937308227,782.3675199848177,0.0011497439092860774,0.0011497439092860774
105.83182429720708,2.2213175412572053,769.3198033079718,0.6274753831980592,0.6274753831980592
143.78996763750092,1.4367590645430894,582.9266439571281,0.6225628451405901,0.6225628451405901
150.08725238568113,2.0726895484813177,738.4775464617494,2.6874435055170767,2.6874435055170767
144.65583767667943,2.301189754899278,580.9293910537184,4.089780129307589,4.089780129307589
44.19832329346193,1.9928240814636013,569.7556072290042,0.040638336198927906,0.040638336198927906
73.89120590690263,2.075688850273707,462.70517903971785,0.9231259439329819,0.9231259439329819
84.56879457506243,1.8500361753115673,570.5624225967891,0.45218665203959607,0.45218665203959607
164.7986973823109,1.934448783860863,614.9667754399228,3.8369999873288703,3.8369999873288703
70.17677703461955,1.3412522300220704,409.00173097147456,0.1299089410236702,0.1299089410236702
57.92689349609657,2.0667556263679416,577.6452020701626,0.13266264599922548,0.13266264599922548
192.3406434268573,1.397736655469391,712.54248735808,0.6596588737705591,0.6596588737705591
21.5953913204244,1.822017513208268,672.018422549708,0.0008528934197625694,0.0008528934197625694
199.60775402275607,1.6511861172008895,654.062795545574,2.701730408685817,2.701730408685817
141.8278337943312,1.9545135402540557,763.822171374881,1.295445760896549,1.295445760896549
169.12447390084108,1.4600996026278485,407.212803930092,2.409256448668115,2.409256448668115
73.03149134231477,2.1299720823679817,622.8190344768936,0.2814212505188975,0.2814212505188975
22.576749980070797,2.2540138443141644,714.9395393638829,0.0014010070436690468,0.0014010070436690468
152.81651334107542,1.4960253396917877,616.5341530805069,0.8268412392430257,0.8268412392430257
170.14602746012164,1.4251757048222586,529.5582210321517,1.2981881825934987,1.2981881825934987
153.28570375163343,1.474618579344831,454.50022603679116,1.8048308635881887,1.8048308635881887
45.71305171415095,2.352553074278202,755.0252287264766,0.02190987204344632,0.02190987204344632
155.61702600625443,1.9338271141076273,588.3049569550412,3.8827322590380966,3.8827322590380966
158.40610077937538,1.8607131952090032,751.2460787942805,1.67824484825032,1.67824484825032
138.53729282060988,1.4280541829228253,634.3408489732674,0.4283524613559018,0.4283524613559018
157.90086790320552,2.0794672081083543,669.6768466460003,4.616618377924879,4.616618377924879
172.2658591419918,2.341599510274108,721.70446175138,4.2682927509461415,4.2682927509461415
130.4487405627425,2.2938230431881435,663.6622178400537,4.573577775433607,4.573577775433607
35.948848514542235,2.0512656507769615,559.221936271575,0.020253241806900572,0.020253241806900572
107.77300574009796,1.3903344599820084,605.4533535714604,0.19241435257970868,0.19241435257970868
33.97688024088891,1.4348764326112156,721.218209870352,0.0013942835397009552,0.0013942835397009552
93.35774558583755,1.3591707845317897,549.4601185491937,0.13940052828680063,0.13940052828680063
93.27916804261298,1.6089750597909631,555.2485827073988,0.3820396999104721,0.3820396999104721
31.881771945243486,1.4627937605924533,438.27604642320046,0.008853618690379901,0.008853618690379901
82.78769611450628,1.6120576483029208,765.8337740886991,0.07150653090089056,0.07150653090089056
39.979657782436675,1.762069666862754,436.4145259781767,0.05337554946485305,0.05337554946485305
165.48233780165998,2.4315793408853628,659.2836709794224,4.084416655310014,4.084416655310014
190.58384467360474,2.0324512717380303,565.2777915211191,5.70858329764518,5.70858329764518
33.01696554642895,2.301968542819555,562.2477561021769,0.01843067838499969,0.01843067838499969
191.92073731250625,2.152421800854799,671.8207346290735,4.100028929039009,4.100028929039009
114.06378788061413,1.4350037566319582,426.83749305195147,0.7787528185127236,0.7787528185127236
73.9218220316973,2.1831044876487384,637.4823131805738,0.2880673592939718,0.2880673592939718
33.83517354970943,1.6301186578709492,708.8127143889419,0.0027717878695481795,0.0027717878695481795
110.11236825267521,2.0669294163936476,731.2851031546377,0.7212023735660792,0.7212023735660792
163.01279800833476,1.7091543683715862,468.2121557575101,3.359691718809883,3.359691718809883
147.27556590800566,2.4972067159175912,758.9676200312695,6.362027282926477,6.362027282926477
29.040682063515277,1.6162617753961335,662.4584367389768,0.0018971050067319295,0.0018971050067319295
33.122330366222634,1.6349565649291236,752.7419203282732,0.0020223234824499566,0.0020223234824499566
92.51719087387468,2.416806706674878,594.1122868440793,1.4257768310571586,1.4257768310571586
73.15228892862979,1.3295732855635873,616.8133380388808,0.031857652286834744,0.031857652286834744
61.82917815008861,2.1360267854478363,767.6153108114685,0.05765386889987611,0.05765386889987611
70.58080980356846,2.170391668883054,759.9638173418687,0.10975663536022079,0.10975663536022079
164.62689379343922,2.303654292892479,579.2643493476008,5.499898793470366,5.499898793470366
187.2610496537337,2.46932717276617,509.7650526542727,1.8451206650303975,1.8451206650303975
92.91848501496196,2.4707223029879826,557.2681738257056,2.350552160172311,2.350552160172311
183.09998038384947,1.3783321090797567,555.1057314118999,1.0736896628531623,1.0736896628531623
77.86922622461876,2.286207187303483,514.7467499931175,1.0280014507554898,1.0280014507554898
105.75865754188249,2.0755719203888576,507.4318417331866,3.1428157116995865,3.1428157116995865
60.68521960687995,2.0768105612477097,744.4251745918878,0.056220958996810344,0.056220958996810344
135.28568759165194,1.4540199119376338,427.94476827386467,1.4399651407331242,1.4399651407331242
196.2166007314656,2.080224599734784,671.0444728398377,4.001111559170316,4.001111559170316
128.62875728780816,2.4789790967214973,469.1280205825809,6.538853155305078,6.538853155305078
84.40653514043879,2.3941822834473365,537.8023573576253,1.429460031718243,1.429460031718243
136.6071402782951,1.8269567929658206,424.61721365393475,3.5377608859057843,3.5377608859057843
42.12572212376976,1.3479375679433132,507.9894547421848,0.008803923052089541,0.008803923052089541
179.95863444777174,1.7347521880002459,707.3684284468968,2.3920282340025762,2.3920282340025762
110.55511114037054,2.2916683739206665,754.0061298189034,0.9054461799857321,0.9054461799857321
100.88295356713557,2.141798921758199,488.6108607609468,3.726007432505623,3.726007432505623
125.45566192163345,1.8512123867127477,585.4191357035687,1.7456274570859494,1.7456274570859494
132.46109530209245,1.3661218421905974,588.1296191748826,0.34015335629547466,0.34015335629547466
32.919645120772344,1.8122736733879632,749.4301223038937,0.0029544043257033544,0.0029544043257033544
142.87109982021244,1.8628299276614602,705.1196211503222,1.4405740931193038,1.4405740931193038
63.54770245679533,2.414266639472963,605.23088734722,0.2423903114497449,0.2423903114497449
148.51147385118617,2.069303324298591,668.2988801887093,4.21516093758886,4.21516093758886
168.0562629891554,1.6739834999855787,738.9420215637467,1.239096650691028,1.239096650691028
164.71253135945366,1.9303819173408656,403.815581610218,3.9247274107013874,3.9247274107013874
119.45017413342003,1.379266369386592,561.1560124200195,0.3127058031123645,0.3127058031123645
113.63058061593522,2.4670818827796843,762.8972669108315,1.2351509564834695,1.2351509564834695
45.71767304109411,1.7320718823168713,696.1252123375805,0.012838928612924027,0.012838928612924027
159.5623070725644,1.8734408258957629,617.1365497336299,3.671608826038832,3.671608826038832
68.85368848040858,1.7263407690843071,611.8578108140534,0.11396992390581305,0.11396992390581305
109.40517610723037,2.11901407613944,539.1080390417751,3.1061000409426365,3.1061000409426365
71.169336726953,2.0946785899955116,608.2082134566058,0.2654085423483147,0.2654085423483147
44.089105339944766,2.158386772634963,662.1532797853813,0.026731224671905668,0.026731224671905668
133.32038544051258,1.621771875534305,567.3452153715173,1.1519008204920398,1.1519008204920398
29.77976626812269,1.678802177396879,685.6612585568696,0.002136993096405479,0.002136993096405479
154.756142142716,1.4503014773154497,744.4928909041544,0.41256392329327557,0.41256392329327557
77.165623147001,2.0866119662153353,461.8739392739445,1.123688332755067,1.123688332755067
20.024244740807358,1.347756552802783,580.6188091269698,0.0002683030956550141,0.0002683030956550141
112.00324506270137,2.017218802628151,563.2080365140324,2.0221051975303834,2.0221051975303834
28.433343534968564,2.343635061821961,674.9859216198913,0.00489143240935095,0.00489143240935095
69.7105204077619,2.3689985779475604,499.94698610317175,0.8046361749787221,0.8046361749787221
147.25576774202892,1.8388453124439539,656.1003659809105,2.056088715530845,2.056088715530845
31.284131891935857,1.8511644258556885,750.9956966925952,0.0025560210052577624,0.0025560210052577624
171.08092862408043,1.3923630196096208,567.2526399174491,0.8973712564368714,0.8973712564368714
20.68758607854496,2.104918030531643,764.406279991688,0.0006428950860879758,0.0006428950860879758
64.4282964563424,2.2855113044474145,797.2654955733914,0.06906778727651684,0.06906778727651684
153.36273010737287,1.5935860655256557,442.4368199791808,2.6244177559756703,2.6244177559756703
76.92862695127522,1.8055610579600376,493.2212751939435,0.4971494041936597,0.4971494041936597
38.34062985188244,2.3066072041183245,780.1519005928373,0.008888651925465734,0.008888651925465734
84.84210538407702,2.3525445611947458,783.3310745925547,0.2610273703942017,0.2610273703942017
68.6707915492146,1.5918159763170712,439.0829101547034,0.2805315261593125,0.2805315261593125
171.68814238889988,1.9606847614496372,405.9994001508547,4.095564098414034,4.095564098414034
76.40262516532576,1.5309917807629925,464.4400093025689,0.2719405520423217,0.2719405520423217
162.0078449196813,1.4222545169674679,798.4051133528993,0.33825892805813834,0.33825892805813834
180.53698606593224,2.393344601670349,471.9998466442747,1.7570410750874619,1.7570410750874619
98.08713552377532,2.284609005078531,601.0190426888092,1.4356634599335965,1.4356634599335965
183.78976589379056,2.212041882163809,739.3670905722045,4.178372870129425,4.178372870129425
87.91724971337472,1.3585195825757685,408.16064427528255,0.2885662692505786,0.2885662692505786
193.53411496821948,2.312474551252309,641.7955929033837,5.4092132433247455,5.4092132433247455
36.07211441460313,1.8256528910864604,510.8101795478497,0.020875216781619188,0.020875216781619188
143.6634679705837,1.7108741479550316,744.9339665758926,0.8132055624743548,0.8132055624743548
108.88652728224716,1.9557716332304518,513.3844597056317,2.3161995444088888,2.3161995444088888
89.77678498201647,1.409623891268267,674.7022881127635,0.07534314595436714,0.07534314595436714
133.88813817474818,2.207975859222879,669.6878529789587,3.826670082709819,3.826670082709819
146.69427649417963,1.9989220922659552,488.597419543856,3.8666243693329676,3.8666243693329676
20.785388537055635,1.523908116247801,413.91967994734006,0.0024926749423993537,0.0024926749423993537
50.05155597449577,1.5258786397228548,563.6998295141589,0.024729421380392268,0.024729421380392268
148.34828911417736,1.521098381887209,515.6772607863479,1.511194125905176,1.511194125905176
139.94937444407716,1.3684028650623208,723.5910998454834,0.22266291160274523,0.22266291160274523
193.8885509231619,2.005358139246022,720.145675382138,3.8683355410593134,3.8683355410593134
156.98680224514095,2.3084178131062094,582.8095808770502,4.159949332050261,4.159949332050261
191.13908739164086,1.3209978567848664,642.6048901292876,0.5487798899223262,0.5487798899223262
146.45729027626527,1.3588055739655283,641.70380639477,0.33841067311021206,0.33841067311021206
73.64939755509977,1.987324332024335,730.8632593710494,0.12024455758515144,0.12024455758515144
38.96568600515417,2.2833948224632628,570.000965649279,0.034070657263424405,0.034070657263424405
160.7282954020884,1.6920866686823604,510.1786719162036,2.9440224816566456,2.9440224816566456
135.94685986566486,1.7195372785692666,506.01396725621896,2.688880880497775,2.688880880497775
28.673482230793322,2.0156157969961312,614.4769117128817,0.005204249147599052,0.005204249147599052
84.8090838621761,1.6290554669489765,579.6592810928851,0.24640340856140946,0.24640340856140946
192.22396678717152,1.331930039293221,576.0483083939745,0.8280105622994737,0.8280105622994737
110.07220622783622,2.182274221721915,436.45493563588286,4.123013388249536,4.123013388249536
97.89124448354684,2.0507798955297436,687.4414962760782,0.5613696107945043,0.5613696107945043
102.38592892867291,1.9969071988667908,485.49467519276425,2.5744057816188786,2.5744057816188786
57.59889032092947,2.190020954790188,478.78145208348855,0.34021299376796044,0.34021299376796044
86.36729075566313,2.110277005074445,565.1033281109574,0.8216130245465143,0.8216130245465143
86.56638607769179,1.5470583858139855,491.11133664712054,0.3647959615155379,0.3647959615155379
29.423903633745034,1.7229772563320214,633.5433069232062,0.0030939454624995086,0.0030939454624995086
158.16217313322528,1.45133217001435,548.5853357337886,1.0781460236210185,1.0781460236210185
94.97079774269821,1.4558284161014572,579.5646890371161,0.1985054991825342,0.1985054991825342
167.9923796269562,2.111434895627847,614.8677286416115,3.8564949579332097,3.8564949579332097
173.06264020158116,2.3303201283789976,481.4142089927219,3.1431612026930473,3.1431612026930473
58.15892984575845,2.4552791006333665,462.3006491462119,0.5621784401956605,0.5621784401956605
138.32362679062314,2.054016541059333,752.1687611494419,1.5534766318589606,1.5534766318589606
105.0107247493367,1.5209215880331484,573.4894811325685,0.3751156672571102,0.3751156672571102
178.42821282586732,1.4267804145387168,564.8374438530157,1.2505199231536948,1.2505199231536948
58.83332225176174,2.2754211658441093,414.2448601091366,0.7727390571571577,0.7727390571571577
142.00637605580795,1.9945077716319992,599.1905210349573,4.153178080788732,4.153178080788732
129.39538200549006,2.0419420252164637,621.6678886444,2.7831093701095755,2.7831093701095755
73.1542659629299,2.237754506505651,623.5363483818666,0.324413446904753,0.324413446904753
44.58816265721107,2.143932673278942,682.8124677291537,0.024247961850144956,0.024247961850144956
137.29515688590976,2.301349903427316,470.9927339964047,6.3381224839886645,6.3381224839886645
152.94754246381953,1.3674566865518543,500.8892536922475,0.8023348712367443,0.8023348712367443
76.812921877403,2.197024764095806,724.2921860921651,0.19988680192518088,0.19988680192518088
136.0698687240165,2.3210233087865144,778.8682467373576,2.2038495362997184,2.2038495362997184
91.12356337007058,1.6433620509499773,454.3730989469283,0.7542052852759438,0.7542052852759438
148.37723899087118,2.068536728791903,599.0598218020873,4.344807611665673,4.344807611665673
55.85874948092956,1.6769944766043665,485.67050109583477,0.10990131619761448,0.10990131619761448
180.23870047451138,2.4495652797789447,424.029267341993,2.171688183854313,2.171688183854313
71.73372736380435,1.3401082869226046,530.2013352504541,0.055591176523967244,0.055591176523967244
86.20147779610753,1.995751412599546,457.4750500736851,1.5065490941486743,1.5065490941486743
30.45655137446296,1.499804256459418,683.9732293736986,0.0014194191495085677,0.0014194191495085677
40.07219821782975,2.1546642462125902,613.4901654685777,0.024578961516507944,0.024578961516507944
112.85514248821906,1.5110683401023945,457.53378839612435,0.8693791683630496,0.8693791683630496
68.16668181103486,1.5824599142780291,403.69663536220577,0.3566539566154227,0.3566539566154227
170.386440633595,1.8932449732549097,723.262819609685,3.0998072267556656,3.0998072267556656
22.64480995789169,2.3978019399962536,470.477762465699,0.008830824062420427,0.008830824062420427
88.23692876094852,1.554057246577565,642.4866568883064,0.1522784346129301,0.1522784346129301
80.72219841843668,1.4730880253417242,534.7687652306982,0.15948877249990775,0.15948877249990775
23.478973565168186,2.210772198224837,634.1943753260142,0.002555365617483676,0.002555365617483676
42.38631182009184,1.9007434388007172,526.2614507929296,0.04102366942209522,0.04102366942209522
94.45568148535435,2.394142134858126,434.7758242769017,5.039647425804343,5.039647425804343
108.71562520054039,1.4759374685918107,489.1800034231014,0.5562963232428576,0.5562963232428576
92.77215450587644,2.075113471627647,475.22342659163024,2.1664615677090704,2.1664615677090704
115.56878211417688,1.579454975382178,571.2077409758575,0.6295043672123635,0.6295043672123635
127.12370148302267,1.4881125143819671,663.3135133704629,0.38058881620735413,0.38058881620735413
21.786287803010413,2.1201152981887246,505.522429978543,0.004291775886979083,0.004291775886979083
103.53712870163069,2.01242154389048,404.8279741202472,4.13169699414019,4.13169699414019
193.4298633597659,2.2057929500347973,607.5749457059028,5.295225576313214,5.295225576313214
113.42581042331877,1.671355091735419,642.3037957435888,0.5465398053521702,0.5465398053521702
141.95760814261158,1.8375659876586279,785.1481976007238,0.9055608139650927,0.9055608139650927
76.13549442503898,1.786566011596502,635.7883212372988,0.16859713736184803,0.16859713736184803
159.31844806749726,2.480907356759817,588.4690237512567,6.498190957860506,6.498190957860506
159.1258667377007,1.6506987480872655,629.3606503590815,1.6824115592771463,1.6824115592771463
113.83328857774501,1.6537806860161202,771.1602519448109,0.2740340943325232,0.2740340943325232
195.68248819025845,1.7254578505943288,731.3512582406586,2.711973850652815,2.711973850652815
42.5990386572776,1.9775128975483858,529.1914933455232,0.046318270094978964,0.046318270094978964
23.050579680124578,1.6027872931164944,494.90174546285493,0.0023339819868730626,0.0023339819868730626
158.62847811627728,2.398347928455129,505.05344494642947,3.7374650065507193,3.7374650065507193
165.28799672567885,1.6188226778395163,601.7684158860852,1.9892315263512168,1.9892315263512168
41.637301241703724,2.3749788778722336,697.6197804914311,0.021054096236839914,0.021054096236839914
67.8049099325491,1.4241700763759015,601.2876828731848,0.042742455998538,0.042742455998538
23.159425405993204,2.0878752428795826,427.118558331245,0.010541262990473458,0.010541262990473458
72.79554994050164,2.388382622125892,689.4322801759924,0.2422088459120706,0.2422088459120706
159.16553730536089,1.5024993260778754,722.3880514683815,0.6058393628872016,0.6058393628872016
113.2328949882642,2.461992352119106,515.7991460478879,4.699785420015323,4.699785420015323
82.65720677029185,1.843460032498614,665.6502957133401,0.22059640874764186,0.22059640874764186
86.91307308313945,2.4348581301292294,570.6367604217573,1.3144102505527897,1.3144102505527897
20.243652628784268,2.1121840523560564,755.6477422909771,0.0006223015330450618,0.0006223015330450618
73.96409496174246,1.6619042438482619,738.0902232642959,0.060524466230075825,0.060524466230075825
136.36257349482747,1.5259630299005278,610.1727993238569,0.6917198234782698,0.6917198234782698
195.35499988694428,1.6644820554701192,676.6022183254378,2.6309628075587788,2.6309628075587788
172.47094885710192,1.41162089111521,753.3398804088415,0.45025237284458897,0.45025237284458897
24.247093636195242,1.4726415596119957,598.2868040313102,0.0008835940099677422,0.0008835940099677422
181.74090884147108,1.4255925284157773,525.3002961955287,1.534307075468395,1.534307075468395
160.97571439375267,1.8075322524898692,701.4664551638325,2.036712479730256,2.036712479730256
160.46770224277648,2.254694051509104,488.0265019138767,4.19704565431513,4.19704565431513
102.43923662064287,1.4696602650596082,555.4124592024168,0.31259853864917925,0.31259853864917925
91.6409527318105,1.456384519806803,746.2908948427175,0.06838949664414821,0.06838949664414821
74.52483118997466,2.072114739420797,689.768936107726,0.1832759712897034,0.1832759712897034
31.82507461178584,1.5366195783616796,561.5244020989996,0.0042226680869333665,0.0042226680869333665
61.08236542886584,1.4171320457307899,485.89780096334295,0.0629271949761084,0.0629271949761084
64.38865429604442,1.5002182938466933,542.3873563328946,0.07140132212923975,0.07140132212923975
107.13387254783629,2.408477675052131,513.6416596909733,5.581625030642162,5.581625030642162
154.53999318740492,2.285765503331429,470.43571517754157,4.0149684824183645,4.0149684824183645
105.28576911163039,1.7248774748261129,697.3331654262627,0.3620117192816475,0.3620117192816475
30.41200090048891,2.0869849207928715,500.8279547400686,0.016765681417551533,0.016765681417551533
192.4021641778767,1.9447308084016457,581.6669880671055,4.969163943571924,4.969163943571924
189.6903774369402,2.1125491161790766,554.3437787344436,4.774606725847497,4.774606725847497
161.33411776671352,2.119205382955311,792.8309514542523,3.160452628179902,3.160452628179902
198.43902228155972,2.0544808180719913,556.4368976592882,4.60052943570734,4.60052943570734
118.00681990404733,1.6193216422447703,431.9929931187019,1.958112636273944,1.958112636273944
193.2983030455771,1.3468077049153817,435.9303010288336,1.639075273726556,1.639075273726556
33.60890731101514,1.8466801383881306,636.3014885412259,0.0066352143592305415,0.0066352143592305415
85.82253468704684,2.3691686616288443,639.7454206953063,0.679060733018447,0.679060733018447
60.56862824121785,1.9833967102222911,567.503596193062,0.15205771247726776,0.15205771247726776
55.2499551441686,2.2988692500422894,572.7374769248119,0.1493109566908664,0.1493109566908664
45.344530800681696,2.4899492115534736,421.5730331363485,0.2893442672519465,0.2893442672519465
132.0344554818794,1.4963394449659315,606.6186041557049,0.5710276498892674,0.5710276498892674
160.6379340345149,2.1301331669703787,601.8957901521406,3.9054604965639177,3.9054604965639177
124.09371189566492,2.1091522884400296,459.8197274227778,3.874665350932873,3.874665350932873
46.45328772587774,2.475946536829934,441.53575444437104,0.259062760732876,0.259062760732876
166.00227858802475,2.4827208807433605,449.4289962397962,1.4697059261807246,1.4697059261807246
134.47184728947113,2.1240143340689555,440.4112985965034,5.300753790238481,5.300753790238481
89.86982710285919,1.5923377503786331,643.883278214704,0.18390122569282166,0.18390122569282166
141.34345319649134,2.2582670057567187,478.59306096116745,6.1969787197172685,6.1969787197172685
66.78289626370992,1.4284349610532459,500.57206087498537,0.08306683345200322,0.08306683345200322
82.1345975289579,2.2368391650059545,469.4288576605759,1.8335688181551868,1.8335688181551868
185.14745176375823,2.3922353489736357,783.1341217794012,4.263558939987555,4.263558939987555
72.29081102085567,1.7594000737221223,741.8469852607342,0.06836049842817386,0.06836049842817386
104.59788826842859,2.0567623539796966,492.1979349406083,3.2916589412392243,3.2916589412392243
180.22540473128262,1.8161712785161916,531.0265175688504,3.9731622916579346,3.9731622916579346
147.38984304815494,1.8253180659857542,483.9571369219989,3.382981110287433,3.382981110287433
31.196580709646497,1.6724450669297442,596.7503837843295,0.004444730497869896,0.004444730497869896
46.514547970214664,2.2145555445403895,407.8442129897014,0.2791406531078629,0.2791406531078629
21.41148633894503,2.4234118769998063,668.5472035587184,0.0017155548482525125,0.0017155548482525125
133.5659222412494,2.4289010310813532,609.2632599270567,4.810013295304652,4.810013295304652
100.5812165738753,1.5097375418499206,759.4555713204413,0.11302553242840443,0.11302553242840443
44.169473162409595,2.3496923795878795,465.75707373136567,0.14609672741829136,0.14609672741829136
192.4281417902187,2.184917729712547,721.6436984244526,3.922879682124438,3.922879682124438
115.33875031021158,1.6034048808283472,716.7844057866863,0.3225909910804864,0.3225909910804864
63.54079294032005,1.3807415355058175,450.8724756867548,0.08081262594751362,0.08081262594751362
110.10864280784736,1.6215967202612536,559.423689657651,0.6654142529028805,0.6654142529028805
142.3316598923194,2.3946498841378308,468.0610564578068,4.0407949414380955,4.0407949414380955
33.72305923524161,2.0598144098749267,501.88820018301953,0.02459133065043023,0.02459133065043023
69.44668670862056,2.1652655930774465,505.29846993221776,0.5780858554196664,0.5780858554196664
165.25378835911886,1.608582821330915,622.4945576103091,1.695455775806306,1.695455775806306
102.73967667247902,2.1632657866897844,564.5643727041862,1.895798343347277,1.895798343347277
118.38388556581309,1.3337458075335085,779.0931216025222,0.08162997691643285,0.08162997691643285
97.90688039770447,1.7503856149276165,450.54805677880205,1.3515096215221767,1.3515096215221767
27.90198967574092,2.0521040182507972,789.4768539400795,0.0017696573835515315,0.0017696573835515315
49.83496036762807,1.4753158786495844,492.2554560857056,0.03467655243860097,0.03467655243860097
100.19749497354036,2.2876042893363215,709.1495745527412,0.7681358012557479,0.7681358012557479
57.65338377342701,1.5820375585743025,535.5879704691285,0.06419559490204571,0.06419559490204571
28.99622515874217,2.0827373353821357,457.23255816692557,0.019944432714397494,0.019944432714397494
171.85693952932826,1.7862365710903956,743.155674098496,1.952876898396292,1.952876898396292
196.61465524954085,2.0152523145731767,523.5443596945853,4.202259225973109,4.202259225973109
162.7657173194131,1.4289406631546897,663.5421616907369,0.5904385711722467,0.5904385711722467
173.68128590684006,1.3202953599059288,626.5774740346507,0.44783492230312366,0.44783492230312366
63.55588345706817,2.3914773128563613,588.7025237563497,0.2677884592870299,0.2677884592870299
192.91285559237596,1.6235560105206193,598.3277890594156,2.6411594830869634,2.6411594830869634
55.44662680161711,2.283612403336551,692.895165636915,0.06612327212394534,0.06612327212394534
191.2573658651298,2.4992203605666403,435.1091656493762,1.5433077943383542,1.5433077943383542
199.0674729138712,1.5537175095986935,667.2722647831621,1.932437875986427,1.932437875986427
148.11010503428878,1.6182048894200267,758.3248405594315,0.6429005700093431,0.6429005700093431
196.60587172252795,2.0954317451615987,423.1152788079457,2.6480376802035432,2.6480376802035432
122.51716032207867,2.4585383615207457,456.2613356934667,5.632889950196152,5.632889950196152
66.71752097169626,2.3989772178288926,686.6527746808126,0.1702368815932228,0.1702368815932228
98.65925941981176,1.903450624078702,574.9126592978471,0.8718954123250234,0.8718954123250234
126.84096836818148,2.2541323390320693,561.4194483254753,4.970563934285619,4.970563934285619
33.154681164862694,1.4628950237198812,454.78665381769434,0.008934256411719651,0.008934256411719651
132.0217876311043,2.472925821044815,602.7080162871152,4.692384980968819,4.692384980968819
196.612010617213,2.457223880843184,450.6181244785509,3.3775882941341466,3.3775882941341466
54.21937696107097,1.4964747494550052,590.6481825242162,0.02545733737591139,0.02545733737591139
162.66712093190898,1.659307749763728,705.4461195846627,1.2355003959705233,1.2355003959705233
183.42178288033148,1.4201859970081203,503.3057431548654,1.6345453189906012,1.6345453189906012
189.86628670763974,1.6260611186778156,592.3144672718909,2.6452490620733813,2.6452490620733813
192.8244087929805,2.2791469472982477,796.8063877587342,4.265218411604234,4.265218411604234
113.86273496986495,1.7539787285983115,674.6601693416148,0.584146652629199,0.584146652629199
195.91542343847067,1.4060763605761102,736.5427085220795,0.6609974663598969,0.6609974663598969
156.315837284199,1.7106706297346854,565.9390426242182,2.780173593362896,2.780173593362896
49.10085852265314,2.477660001089536,707.1443692503422,0.0431585918754135,0.0431585918754135
105.8420191642346,2.0556203143110436,416.2036691765287,4.173185817932851,4.173185817932851
149.29961156696072,1.7993931356873893,449.164473016898,3.611125346824063,3.611125346824063
64.521256847435,1.499846216196724,481.22823716802486,0.11408505792635054,0.11408505792635054
135.31073303879973,2.4834121567404335,560.7807698460879,4.136036745113918,4.136036745113918
139.98808622839147,2.2850188111157546,738.2979513303053,3.4572638295342037,3.4572638295342037
49.28595388554186,1.6377727629411032,538.5064203151721,0.039289719446695424,0.039289719446695424
121.71535624149612,1.3840824348654275,661.8484774061851,0.2069313703550305,0.2069313703550305
158.89284397614938,1.3679506688530696,683.7257179213934,0.3736199442784765,0.3736199442784765
109.80121961646955,1.4444537794066405,634.4729416353366,0.22741689185008707,0.22741689185008707
22.178561019699337,1.996922300337306,542.8967872680545,0.0029573445557461078,0.0029573445557461078
21.626924434272592,2.414516105446591,630.8213366854177,0.002244862595655304,0.002244862595655304
84.2652819146022,1.8960921136071813,536.9062371158984,0.6186922433969292,0.6186922433969292
186.71493231772075,2.3115345789474366,433.5494954208048,2.5547845354121397,2.5547845354121397
61.161820328649576,1.8350639438317695,797.1215912744058,0.029866507847364474,0.029866507847364474
134.1854639969037,2.1503002549213903,450.87298145300434,4.860870269263263,4.860870269263263
59.973656724797706,2.178247284743801,428.93935353442293,0.6326932720957174,0.6326932720957174
77.90059813871875,1.5087564470840065,751.4122996828623,0.043205485629035076,0.043205485629035076
172.6475761282671,1.7334592707709742,520.733864357158,3.2239274378015943,3.2239274378015943
151.19505960859044,2.0647625878456286,660.1187896294031,4.488152247654386,4.488152247654386
37.171869916377915,1.3848359298212394,531.6022918648931,0.005406264083857527,0.005406264083857527
97.16636377755805,1.733848225315548,556.5817083177885,0.6236289173132589,0.6236289173132589
25.250557456147604,1.941759359537431,504.8451888067186,0.006210340440368938,0.006210340440368938
106.56022638854162,2.4954693916535664,537.2176023172041,6.064043174384909,6.064043174384909
139.23812210619224,1.8694402751469288,564.2801602346173,3.370646857881929,3.370646857881929
41.33047224766728,2.279268108537188,688.1664276369372,0.019796592033008282,0.019796592033008282
71.99928900364982,1.8184807420799411,604.6144776939167,0.1765756046406295,0.1765756046406295
91.61059259038825,2.2556688671436507,777.4260868627907,0.3378786341454228,0.3378786341454228
185.51558443808895,2.01449776194413,416.7521575355102,3.841025015292165,3.841025015292165
198.78590277613353,2.3639145298028783,601.2273290528112,3.702068324661796,3.702068324661796
28.084033819210852,1.793131062820132,633.6899155326872,0.002954146373036292,0.002954146373036292
156.98142622917058,2.0251653037857746,768.0787944297095,2.38270910750437,2.38270910750437
86.91033195242179,2.056022416742593,419.66340944857103,2.8348379673426534,2.8348379673426534
90.6424735213064,1.8008595301605679,629.3998339740864,0.36318885820145963,0.36318885820145963
155.7676952024641,1.473174452424978,741.4519714111827,0.4695109235408307,0.4695109235408307
185.31675778617355,1.4122712882948028,496.77109124769464,1.6381565848934576,1.6381565848934576
191.1671470104587,1.3200058607195597,750.516939409575,0.3574732599125624,0.3574732599125624
123.88206548689774,2.3482411170942576,407.61736370971676,4.60033172190388,4.60033172190388
84.28180867409051,1.5837698946864336,692.981851653492,0.10481656883155292,0.10481656883155292
161.75883545458026,1.5538080991381218,773.2452884674613,0.634763227711987,0.634763227711987
65.18024898721404,2.1832424805112787,662.8790646560249,0.14218969674899365,0.14218969674899365
121.5333251900332,1.68401933570487,575.6116975921792,1.0012600280574822,1.0012600280574822
84.54412307447717,1.9072536308942039,417.9524065890872,1.613029872710449,1.613029872710449
138.1935932674177,1.4950132783569476,768.0455253290515,0.32043455450055186,0.32043455450055186
63.271804320831244,2.451694865754363,588.1184890766299,0.27956715351307,0.27956715351307
54.48673023226864,2.321897680020685,411.5986977343792,0.6054907940603346,0.6054907940603346
185.28303560157866,2.3365475475580038,675.9284285315048,4.6286717186771495,4.6286717186771495
38.324662930916645,1.7881284982864063,592.7349014305032,0.013542140933102262,0.013542140933102262
111.0724233922877,2.2148334564486074,449.7381269769643,4.216982425980751,4.216982425980751
59.753500933341606,1.4726513864677362,485.70872372410383,0.07365241675646811,0.07365241675646811
27.00739339862014,1.3103428031101363,425.7962721823385,0.0024618523150668654,0.0024618523150668654
26.48338729245675,1.3239675190936337,629.7174158834295,0.0005201851269497932,0.0005201851269497932
51.53991897904892,2.0039220848854726,648.8117917008037,0.045591508179477686,0.045591508179477686
176.01866381108005,1.846473886297529,602.2969193421777,3.455804187954554,3.455804187954554
70.8461739158648,1.9216184186902239,726.840853201046,0.09389181116722342,0.09389181116722342
191.08265070355324,1.3089557685006634,744.4035285232054,0.3393907279436156,0.3393907279436156
124.69201273805484,1.807223943588911,646.2497586732507,1.0494139202299788,1.0494139202299788
98.5905541583779,2.161681793441033,405.1025918829722,4.406511133104369,4.406511133104369
124.41599024050183,1.831232442360923,678.0918622990943,0.9382689464182414,0.9382689464182414
113.0057093407282,2.1786630475746667,567.1996867681406,3.3850737540955946,3.3850737540955946
156.57972567631853,1.5796227572762018,626.2229932905548,1.209448558699267,1.209448558699267
70.84929187511341,2.2757704053780703,659.6322408075538,0.23161171725579058,0.23161171725579058
83.54907048805443,2.0061174885441426,540.0946457308307,0.7221329163738981,0.7221329163738981
180.93697445598514,1.5529157193158876,766.8394020687176,0.9002915685217203,0.9002915685217203
190.362172367073,1.5840645710245995,453.5899466999125,3.794921979308309,3.794921979308309
180.66048094756542,2.0536365574834443,668.6047229124149,3.8609321257784166,3.8609321257784166
95.50063891231645,2.295927511854932,401.7438319826322,4.367816196099109,4.367816196099109
160.4657905412387,1.7987533384349863,769.8604421620723,1.3411284367635388,1.3411284367635388
105.74043199419778,1.6099605149531107,445.0016532952366,1.14455120963931,1.14455120963931
109.55717338629839,2.3404139282927208,437.95369205902983,4.0610145546067615,4.0610145546067615
56.84241963031111,2.103121950101002,533.2030532208977,0.18088286597074965,0.18088286597074965
126.40345458653296,1.837702584739692,549.4265144156323,2.293842695980556,2.293842695980556
53.50446159560263,1.8854802343351622,485.72002892915145,0.14635854473717877,0.14635854473717877
79.68164583209489,1.5451077615236757,634.0486643708499,0.10484353915866837,0.10484353915866837
173.90543629158833,2.0521631560778126,577.1656392167854,4.188374265971936,4.188374265971936
57.27364565795394,1.7304910126514663,413.670235616435,0.2635286993861676,0.2635286993861676
32.80849133121791,2.494774212009219,527.8608249021203,0.027459046790293092,0.027459046790293092
32.42136667030694,1.8762202183142653,724.1731654292682,0.0035697787655162754,0.0035697787655162754
189.3412136905594,1.8830627274275358,675.8806139447474,3.612602500298239,3.612602500298239
111.24567883313023,1.9790221448928063,689.9483414319523,0.8052724612749684,0.8052724612749684
93.6941729270633,2.400107203742496,679.2467696334095,0.7967341846873277,0.7967341846873277
165.95814458142533,2.2609817198317,524.3892085532133,4.747205671282067,4.747205671282067
170.44866702389288,1.8413560837574097,439.86556883071034,4.794401957423553,4.794401957423553
79.79438596080882,2.162439119167355,508.9868736132384,0.9898492728289758,0.9898492728289758
144.85125034528315,2.0034825985369142,732.7141200740637,1.892428664011776,1.892428664011776
158.80210685333958,1.8908404584414988,792.1883191132284,1.4889117398886456,1.4889117398886456
137.83712363587182,1.5307789273412207,597.5388058966246,0.772046579360629,0.772046579360629
47.287113464017885,1.8567235161458693,403.8801419692169,0.1781214515989454,0.1781214515989454
177.65895503307027,1.5949823044270897,456.0179248536916,3.3204788146150093,3.3204788146150093
117.03701949248156,2.3978105798219858,528.8322301265064,4.799438371939694,4.799438371939694
70.84503674660067,1.7024881761956163,631.43413943718,0.10618356007867284,0.10618356007867284
96.5410733787849,2.4427168174400467,430.0374583221256,4.542917556147024,4.542917556147024
26.762796271803328,1.9396663481136533,777.3429194839526,0.0013647989014680968,0.0013647989014680968
43.01602422003516,2.0578532544113926,546.0334693137603,0.047507125741707575,0.047507125741707575
157.79841509285495,1.9515285333871932,765.0336871699292,1.9930217651527826,1.9930217651527826
20.002094255965904,1.4552567403600412,712.2087211028087,0.00019070568770519346,0.00019070568770519346
94.98184912681259,1.7509854628095292,702.1749090062324,0.2529998888268822,0.2529998888268822
114.05183259540593,1.4189753347331489,642.6878319128928,0.21962757162043967,0.21962757162043967
29.834195600175015,2.047544853020058,650.7135268207378,0.005052483088188529,0.005052483088188529
195.15406933501993,1.8362490342405269,655.2012940864993,3.413515596478113,3.413515596478113
60.702559624940946,2.233581965885124,651.4885548102328,0.11981282203775669,0.11981282203775669
74.75576953453056,1.5645645771992438,621.4912925593445,0.09430680395925574,0.09430680395925574
74.70965220590492,1.497479270115202,794.5656073931556,0.02811658944365641,0.02811658944365641
61.47499918112298,1.7875986771565213,692.9162269702784,0.049403761101605666,0.049403761101605666
20.265287975536054,2.4119024598620573,710.7785553570085,0.0010626766826848785,0.0010626766826848785
151.28206293583935,2.152506178014894,748.9851260334697,3.379665466969792,3.379665466969792
194.03218996387136,1.8027083497515024,486.25590509033964,4.627255016853706,4.627255016853706
60.37282699130811,1.9207266037051727,433.52166363802434,0.4081787566451987,0.4081787566451987
139.34849452461603,1.401055613412518,593.1577746394395,0.4578269615765417,0.4578269615765417
153.5413388525687,2.481491075651336,605.6322782477093,4.19691367296329,4.19691367296329
172.71656823629445,2.0996887656339025,731.6727119799671,4.6604186365065905,4.6604186365065905
96.07325546244964,1.6424848821561069,577.5134317129343,0.40942265298642233,0.40942265298642233
74.52756301527727,2.002970073058293,628.3412102177251,0.24424194335604285,0.24424194335604285
78.5531241241456,1.4313788392827929,610.8283754053833,0.0732388793419967,0.0732388793419967
148.2718399577323,2.4590040025691002,415.28111350295643,4.567329895970481,4.567329895970481
167.0203039710145,1.5097419854600391,646.0859586387655,1.0022885320676262,1.0022885320676262
52.69051419618848,2.077636381666257,731.2173143097009,0.033635920148095265,0.033635920148095265
86.76938146839774,1.5945453550467166,463.00021923032153,0.5236895388112875,0.5236895388112875
182.34923541484702,2.1610736591782427,637.7326935706383,4.151194463047647,4.151194463047647
165.20483354505305,2.2321856406883374,637.4442177785658,3.9823005634461466,3.9823005634461466
197.27451249724564,2.1081036746937194,465.6739856225435,3.5997141432006194,3.5997141432006194
155.76468674277453,2.037399352306231,449.3854294922944,5.207682514746572,5.207682514746572
90.77513618502601,2.370962912742414,792.0207771905939,0.340870771111175,0.340870771111175
126.3148101190348,1.3943520531877096,557.487667861215,0.4015644089920037,0.4015644089920037
138.98256576451766,1.6970977189362342,490.9686914894117,2.789433509649156,2.789433509649156
34.12204693708231,1.5979449755570152,468.52981778175,0.013952301806970385,0.013952301806970385
118.00945263869572,2.4856167544785057,667.040685433294,3.976628629650479,3.976628629650479
147.67774912506974,1.7672677356002482,643.7781189309115,1.764528034984627,1.764528034984627
50.11783472019087,2.1791352390884784,657.420849194967,0.04815520527193497,0.04815520527193497
160.51370913660028,2.1216701966572056,435.2024110045809,3.814700436966845,3.814700436966845
125.07910049254009,1.5544974849728532,757.4138333993748,0.2999948275504419,0.2999948275504419
191.39992142556704,1.5867972162538617,555.7065587236193,2.568873764472433,2.568873764472433
27.636013677240506,1.6375414762636409,525.3477625721432,0.0041792431990534664,0.0041792431990534664
67.75870475998406,1.7933527339112552,584.9445788990956,0.14948434227832819,0.14948434227832819
128.27969827396834,1.5811900787806321,556.0264262990513,0.9353170235979329,0.9353170235979329
73.38078419706753,1.3235817792962175,745.4308012556584,0.015010638623043346,0.015010638623043346
148.5963495328236,2.3552716681686343,771.7043900791568,4.8950686966999495,4.8950686966999495
156.6209508539476,2.4587317976570606,521.3812865798425,3.6465653689850277,3.6465653689850277
38.4528735319654,1.7098844644378817,745.5743229839819,0.004589951921175194,0.004589951921175194
112.49380355721819,1.7062082553105675,712.6092518132268,0.4065069801728424,0.4065069801728424
111.60030000639006,1.3085101753292452,772.3230689379047,0.05823108611159721,0.05823108611159721
86.4705386387974,2.116300825996449,498.3001248743551,1.3844253376030227,1.3844253376030227
187.92647526254098,2.2905278748983546,630.7836600483917,6.1569634536382525,6.1569634536382525
168.95113757717982,1.4759299604320038,509.81783389617783,1.761143711805998,1.761143711805998
145.4976887437346,1.491599619240581,729.6377961937496,0.43528866898385576,0.43528866898385576
148.57879443229956,2.2480998999657253,402.1296762284257,3.2909937083265013,3.2909937083265013
103.10890588636144,2.0395488980249734,625.9276651545584,0.9769243197137529,0.9769243197137529
185.77901379738367,1.3538326691532605,535.6813725087673,1.054469329045562,1.054469329045562
145.02717690559138,2.047056388554738,529.0734828311281,3.8167084805322533,3.8167084805322533
151.21659109804696,1.6707012674125192,657.9625295459668,1.2709078299707066,1.2709078299707066
175.10436268172214,1.7424701865650152,740.5937797255976,1.831448170619872,1.831448170619872
69.33288608159438,2.223677701956256,643.6781565573305,0.22070860786310836,0.22070860786310836
165.27276269600654,2.273122231207133,741.269191458689,5.080960431663877,5.080960431663877
55.14330853216857,1.7804279522077968,505.838844752412,0.11338020530686517,0.11338020530686517
82.1615514040798,2.4365835232076254,607.8007419059925,0.7598099745429409,0.7598099745429409
80.4098817685717,1.7877552615424868,580.2146156268304,0.3034321494873341,0.3034321494873341
196.1345843100453,2.226203242276132,404.65795980123846,2.2498395972809906,2.2498395972809906
174.17670027462682,1.880652717477111,622.724857256296,3.612250964867665,3.612250964867665
146.21057508624676,2.377038791826501,664.60972965847,4.937751584400886,4.937751584400886
150.8702170907702,2.3893134923802144,636.765761767628,4.254635157335494,4.254635157335494
121.17310299246279,1.4049001694453007,694.5119595133685,0.19389022863932617,0.19389022863932617
190.47632007953342,2.4237919975722706,628.5358113812308,3.8251678859551608,3.8251678859551608
109.32657551882508,2.290641809824499,426.7001019403028,4.0095750327298125,4.0095750327298125
88.49318777658101,2.2495728571752003,446.57820963388457,4.160778278495428,4.160778278495428
49.34636064768638,1.541093607622627,638.589831017581,0.014894931925313222,0.014894931925313222
161.51701740699045,2.266143050505598,509.99167678945605,4.671613919054947,4.671613919054947
152.19990777360647,2.320159281622044,431.85805161390635,3.3448885059499704,3.3448885059499704
89.18390693434428,1.6469804013449811,571.8410973794187,0.32941663639738233,0.32941663639738233
24.534814512661285,2.442712094034788,621.7290392334621,0.0040633434752437286,0.0040633434752437286
171.01951898924193,1.359832175678997,531.4983953398427,0.8947466879470316,0.8947466879470316
22.055237021733255,1.4798911038965676,688.1734808903111,0.0003544318337001454,0.0003544318337001454
146.66596033322918,1.9450973656618173,657.5082432404979,2.8898681089525398,2.8898681089525398
194.64627975069027,1.9909509653467716,533.1273444366687,4.723196475356487,4.723196475356487
98.77903906667662,2.074180099961084,701.9490115634242,0.5555572004927688,0.5555572004927688
62.2952128992715,1.3203629551785598,659.4780170132142,0.012540439819043679,0.012540439819043679
146.8767818078087,2.4524401295465563,654.9781514871609,4.531984217671717,4.531984217671717
167.08306556280533,1.3535057112809727,621.3710803148272,0.5073136258129304,0.5073136258129304
118.35745689401251,1.471674343268083,404.55586723542115,1.2548955648464915,1.2548955648464915
194.06634954610632,1.3168174210312684,678.6028733907556,0.4769281157894911,0.4769281157894911
29.300369898432997,1.9802301199529135,550.4167164436626,0.008472736727902103,0.008472736727902103
110.86320769481506,2.4187202607051668,777.0438840634622,0.9482284681915155,0.9482284681915155
149.321710518059,2.099136599296557,727.1939084308822,3.1187458365677427,3.1187458365677427
175.27528480685223,2.2871889621765127,635.0777878125249,4.3732582709045,4.3732582709045
52.266010143402205,1.3159374441502962,500.87279272770775,0.01796561794411818,0.01796561794411818
164.00062671746267,1.9504183581756713,481.48695731106665,5.551871220717794,5.551871220717794
119.48727362933815,1.8514755730066264,536.1539350710196,2.078731869093541,2.078731869093541
91.37966275819338,1.8987615330649517,590.6271774320074,0.5893284993655161,0.5893284993655161
43.708705144236845,1.3866558224022256,518.4262040155788,0.011453701388924476,0.011453701388924476
175.75323660360422,2.121322433283169,605.9717981569931,4.112489779308795,4.112489779308795
48.309177472348765,1.9038644978303614,466.14817020527437,0.11748675170539716,0.11748675170539716
75.76181465763787,2.218178619833517,791.0851251301999,0.1323994486847827,0.1323994486847827
72.20819575323864,1.8823487608740583,443.16982198599754,0.6911451155743463,0.6911451155743463
176.85452615435378,1.4792579634717185,772.7776558617488,0.6120501531317382,0.6120501531317382
